Workbook

Sheet IVA COMPRAS
A1: FECHA_EMI | B1: COD_PROVE | C1: NOM_PROVE | D1: COND_IVA | E1: IDENTIFTRI | F1: N_INTERNO | G1: T_COMP | H1: N_COMP | I1: N | J1: _COMP | M1: PORC_IVA | N1: IMP_EXENTO | O1: IMP_NETO | P1: IMP_IVA | Q1: IMP_TOTAL | R1: N_ING_BRU | S1: OTROSIMP
A2: 45316 | B2: GALICI | C2: BANCO DE GALICIA Y BUENOS AIRES S A U | D2: RI | E2: 30500001735 | F2: 10731 | G2: FAC | H2: A0202418403984 | I2: A | J2: 2024 | K2: 18403984 | L2: =CONCATENATE(E2,J2,K2) -> 30500001735202418403984 | M2: 21 | N2: 221.78 | O2: 1500 | P2: 315 | Q2: 2036.78 | S2: 0 | T2: =VLOOKUP(L2,'MIS COMPROBANTES'!E:Q,13,0) -> #N/A
A3: 45316 | B3: GALICI | C3: BANCO DE GALICIA Y BUENOS AIRES S A U | D3: RI | E3: 30500001735 | F3: 10732 | G3: FAC | H3: A0202418404036 | I3: A | J3: 2024 | K3: 18404036 | L3: =CONCATENATE(E3,J3,K3) -> 30500001735202418404036 | M3: 21 | N3: 322.28 | O3: 6700 | P3: 1407 | Q3: 8764.28 | S3: 134 | T3: =VLOOKUP(L3,'MIS COMPROBANTES'!E:Q,13,0) -> #N/A
A4: 45316 | B4: GALICI | C4: BANCO DE GALICIA Y BUENOS AIRES S A U | D4: RI | E4: 30500001735 | F4: 10732 | G4: FAC | H4: A0202418404036 | I4: A | J4: 2024 | K4: 18404036 | L4: =CONCATENATE(E4,J4,K4) -> 30500001735202418404036 | M4: 3 | N4: 0 | O4: 0 | P4: 201 | Q4: 0 | S4: 0 | T4: =VLOOKUP(L4,'MIS COMPROBANTES'!E:Q,13,0) -> #N/A
A5: 45320 | B5: AXION | C5: PAN AMERICAN ENERGY, S.L., SUC ARG | D5: RI | E5: 30695542476 | F5: 10680 | G5: FAC | H5: A0522400013660 | I5: A | J5: 5224 | K5: 13660 | L5: =CONCATENATE(E5,J5,K5) -> 30695542476522413660 | M5: 21 | N5: 1051.47 | O5: 33867.35 | P5: 7112.14 | Q5: 43046.98 | S5: 0 | T5: =VLOOKUP(L5,'MIS COMPROBANTES'!E:Q,13,0) -> #N/A
A6: 45320 | B6: AXION | C6: PAN AMERICAN ENERGY, S.L., SUC ARG | D6: RI | E6: 30695542476 | F6: 10680 | G6: FAC | H6: A0522400013660 | I6: A | J6: 5224 | K6: 13660 | L6: =CONCATENATE(E6,J6,K6) -> 30695542476522413660 | M6: 3 | N6: 0 | O6: 0 | P6: 1016.02 | Q6: 0 | S6: 0 | T6: =VLOOKUP(L6,'MIS COMPROBANTES'!E:Q,13,0) -> #N/A
A7: 45359 | B7: FIN | C7: FINCA DE SANTIAGO S.A. | D7: RI | E7: 30709571717 | F7: 11981 | G7: N/C | H7: A0000500000235 | I7: A | J7: 5 | K7: 235 | L7: =CONCATENATE(E7,J7,K7) -> 307095717175235 | M7: 21 | N7: 0 | O7: -80136.67 | P7: -16828.7 | Q7: -96965.37 | S7: 0 | T7: =VLOOKUP(L7,'MIS COMPROBANTES'!E:Q,13,0) -> #N/A
A8: 45365 | B8: CURVON | C8: EL CURVON SRL | D8: RI | E8: 30551016117 | F8: 12387 | G8: FAC | H8: A0000900033207 | I8: A | J8: 9 | K8: 33207 | L8: =CONCATENATE(E8,J8,K8) -> 30551016117933207 | M8: 21 | N8: 2330.98 | O8: 80717.94 | P8: 16950.77 | Q8: 99999.69 | S8: 0 | T8: =VLOOKUP(L8,'MIS COMPROBANTES'!E:Q,13,0) -> #N/A
A9: 45379 | B9: LUCANE | C9: LUCANERA ALFREDO ADOLFO | D9: RI | E9: 20055036579 | F9: 12108 | G9: FAC | H9: A0000400004709 | I9: A | J9: 4 | K9: 4709 | L9: =CONCATENATE(E9,J9,K9) -> 2005503657944709 | M9: 21 | N9: 0 | O9: 564614.12 | P9: 118568.97 | Q9: 683183.09 | S9: 0 | T9: =VLOOKUP(L9,'MIS COMPROBANTES'!E:Q,13,0) -> #N/A
A10: 45398 | B10: SAN IS | C10: SAN ISIDRO 2000 SA | D10: RI | E10: 33707901409 | F10: 12388 | G10: FAC | H10: A0000800115262 | I10: A | J10: 8 | K10: 115262 | L10: =CONCATENATE(E10,J10,K10) -> 337079014098115262 | M10: 21 | N10: 5691.63 | O10: 61411.91 | P10: 12896.5 | Q10: 80000.04 | S10: 0 | T10: =VLOOKUP(L10,'MIS COMPROBANTES'!E:Q,13,0) -> #N/A
A11: 45404 | B11: IPLAN | C11: NSS SA | D11: RI | E11: 30702652975 | F11: 12163 | G11: FAC | H11: A0000503017938 | I11: A | J11: 5 | K11: 3017938 | L11: =CONCATENATE(E11,J11,K11) -> 3070265297553017938 | M11: 21 | N11: 0 | O11: 3895.04 | P11: 817.96 | Q11: 4829.85 | S11: 116.85 | T11: =VLOOKUP(L11,'MIS COMPROBANTES'!E:Q,13,0) -> #N/A
A12: 45408 | B12: MASTEL | C12: MASTELLONE HNOS S A | D12: RI | E12: 30547242331 | F12: 12149 | G12: N/C | H12: A0616200040408 | I12: A | J12: 6162 | K12: 40408 | L12: =CONCATENATE(E12,J12,K12) -> 30547242331616240408 | M12: 21 | N12: 0 | O12: -56649.39 | P12: -11896.37 | Q12: -68545.76 | S12: 0 | T12: =VLOOKUP(L12,'MIS COMPROBANTES'!E:Q,13,0) -> #N/A
A13: 45411 | B13: RIO | C13: BANCO SANTANDER RIO | D13: RI | E13: 30500008454 | F13: 11887 | G13: FAC | H13: 00202429042024 | I13: 0 | J13: 2024 | K13: 29042024 | L13: =CONCATENATE(E13,J13,K13) -> 30500008454202429042024 | M13: 3 | N13: 0 | O13: 0 | P13: 999 | Q13: 1840 | S13: 841 | T13: =VLOOKUP(L13,'MIS COMPROBANTES'!E:Q,13,0) -> #N/A
A14: 45412 | B14: COMAFI | C14: BANCO COMAFI SOCIEDAD ANONIMA | D14: RI | E14: 30604731018 | F14: 11945 | G14: FAC | H14: 00202400300424 | I14: 0 | J14: 2024 | K14: 300424 | L14: =CONCATENATE(E14,J14,K14) -> 306047310182024300424 | M14: 10.5 | N14: 301 | O14: 24832.4 | P14: 2607.4 | Q14: 28609.93 | S14: 496.65 | T14: =VLOOKUP(L14,'MIS COMPROBANTES'!E:Q,13,0) -> #N/A
A15: 45412 | B15: COMAFI | C15: BANCO COMAFI SOCIEDAD ANONIMA | D15: RI | E15: 30604731018 | F15: 11945 | G15: FAC | H15: 00202400300424 | I15: 0 | J15: 2024 | K15: 300424 | L15: =CONCATENATE(E15,J15,K15) -> 306047310182024300424 | M15: 1.5 | N15: 0 | O15: 0 | P15: 372.48 | Q15: 0 | S15: 0 | T15: =VLOOKUP(L15,'MIS COMPROBANTES'!E:Q,13,0) -> #N/A
A16: 45412 | B16: LUCANE | C16: LUCANERA ALFREDO ADOLFO | D16: RI | E16: 20055036579 | F16: 12114 | G16: FAC | H16: A0000400004758 | I16: A | J16: 4 | K16: 4758 | L16: =CONCATENATE(E16,J16,K16) -> 2005503657944758 | M16: 21 | N16: 0 | O16: 526798.01 | P16: 110627.58 | Q16: 637425.59 | S16: 0 | T16: =VLOOKUP(L16,'MIS COMPROBANTES'!E:Q,13,0) -> #N/A
A17: 45412 | B17: MARCOS | C17: MARCOS SCHMUKLER S A | D17: RI | E17: 30552910512 | F17: 12125 | G17: N/C | H17: A0001000007634 | I17: A | J17: 10 | K17: 7634 | L17: =CONCATENATE(E17,J17,K17) -> 30552910512107634 | M17: 21 | N17: 0 | O17: -29796 | P17: -6257.16 | Q17: -37542.96 | S17: -595.92 | T17: =VLOOKUP(L17,'MIS COMPROBANTES'!E:Q,13,0) -> #N/A
A18: 45412 | B18: MARCOS | C18: MARCOS SCHMUKLER S A | D18: RI | E18: 30552910512 | F18: 12125 | G18: N/C | H18: A0001000007634 | I18: A | J18: 10 | K18: 7634 | L18: =CONCATENATE(E18,J18,K18) -> 30552910512107634 | M18: 3 | N18: 0 | O18: 0 | P18: -893.88 | Q18: 0 | S18: 0 | T18: =VLOOKUP(L18,'MIS COMPROBANTES'!E:Q,13,0) -> #N/A
A19: 45413 | B19: ANURA | C19: CITILAN ARGENTINA S.A. | D19: RI | E19: 30707135596 | F19: 11931 | G19: FAC | H19: A0000300227267 | I19: A | J19: 3 | K19: 227267 | L19: =CONCATENATE(E19,J19,K19) -> 307071355963227267 | M19: 21 | N19: 0 | O19: 82021.65 | P19: 17224.55 | Q19: 100886.63 | R19: 901-543720-4 | S19: 1640.43 | T19: =VLOOKUP(L19,'MIS COMPROBANTES'!E:Q,13,0) -> 100886.63
A20: 45413 | B20: BERKLE | C20: BERKLEY INTERNATIONAL SEGUROS S.A. | D20: RI | E20: 30500035788 | F20: 11930 | G20: FAC | H20: A0000500579401 | I20: A | J20: 5 | K20: 579401 | L20: =CONCATENATE(E20,J20,K20) -> 305000357885579401 | M20: 21 | N20: 314.53 | O20: 11536.45 | P20: 2422.65 | Q20: 14850.45 | S20: 230.73 | T20: =VLOOKUP(L20,'MIS COMPROBANTES'!E:Q,13,0) -> 14850.45
A21: 45413 | B21: BERKLE | C21: BERKLEY INTERNATIONAL SEGUROS S.A. | D21: RI | E21: 30500035788 | F21: 11930 | G21: FAC | H21: A0000500579401 | I21: A | J21: 5 | K21: 579401 | L21: =CONCATENATE(E21,J21,K21) -> 305000357885579401 | M21: 3 | N21: 0 | O21: 0 | P21: 346.09 | Q21: 0 | S21: 0 | T21: =VLOOKUP(L21,'MIS COMPROBANTES'!E:Q,13,0) -> 14850.45
A22: 45413 | B22: CLARO | C22: AMX ARGENTINA SOCIEDAD ANONIMA | D22: RI | E22: 30663288497 | F22: 11920 | G22: FAC | H22: A0132600838787 | I22: A | J22: 1326 | K22: 838787 | L22: =CONCATENATE(E22,J22,K22) -> 306632884971326838787 | M22: 21 | N22: 0 | O22: 21260 | P22: 4422.6 | Q22: 26799.6 | S22: 425.2 | T22: =VLOOKUP(L22,'MIS COMPROBANTES'!E:Q,13,0) -> 26799.6
A23: 45413 | B23: CLARO | C23: AMX ARGENTINA SOCIEDAD ANONIMA | D23: RI | E23: 30663288497 | F23: 11920 | G23: FAC | H23: A0132600838787 | I23: A | J23: 1326 | K23: 838787 | L23: =CONCATENATE(E23,J23,K23) -> 306632884971326838787 | M23: 27 | N23: 0 | O23: 0 | P23: 54 | Q23: 0 | S23: 0 | T23: =VLOOKUP(L23,'MIS COMPROBANTES'!E:Q,13,0) -> 26799.6
A24: 45413 | B24: CLARO | C24: AMX ARGENTINA SOCIEDAD ANONIMA | D24: RI | E24: 30663288497 | F24: 11920 | G24: FAC | H24: A0132600838787 | I24: A | J24: 1326 | K24: 838787 | L24: =CONCATENATE(E24,J24,K24) -> 306632884971326838787 | M24: 3 | N24: 0 | O24: 0 | P24: 637.8 | Q24: 0 | S24: 0 | T24: =VLOOKUP(L24,'MIS COMPROBANTES'!E:Q,13,0) -> 26799.6
A25: 45413 | B25: SAP | C25: Molfino Hnos SA | D25: RI | E25: 30500768262 | F25: 11889 | G25: FAC | H25: A0200200285263 | I25: A | J25: 2002 | K25: 285263 | L25: =CONCATENATE(E25,J25,K25) -> 305007682622002285263 | M25: 21 | N25: 0 | O25: 1214533.2 | P25: 255051.97 | Q25: 1566747.8 | S25: 60726.65 | T25: =VLOOKUP(L25,'MIS COMPROBANTES'!E:Q,13,0) -> 1566747.8
A26: 45413 | B26: SAP | C26: Molfino Hnos SA | D26: RI | E26: 30500768262 | F26: 11889 | G26: FAC | H26: A0200200285263 | I26: A | J26: 2002 | K26: 285263 | L26: =CONCATENATE(E26,J26,K26) -> 305007682622002285263 | M26: 3 | N26: 0 | O26: 0 | P26: 36435.99 | Q26: 0 | S26: 0 | T26: =VLOOKUP(L26,'MIS COMPROBANTES'!E:Q,13,0) -> 1566747.8
A27: 45414 | B27: LITO | C27: SANTAMARIA MOSCHETTA PASCUAL | D27: RI | E27: 20084318362 | F27: 12239 | G27: FAC | H27: A0000200000810 | I27: A | J27: 2 | K27: 810 | L27: =CONCATENATE(E27,J27,K27) -> 200843183622810 | M27: 21 | N27: 0 | O27: 768785 | P27: 161444.85 | Q27: 930229.85 | S27: 0 | T27: =VLOOKUP(L27,'MIS COMPROBANTES'!E:Q,13,0) -> 930229.85
A28: 45414 | B28: T | C28: PRODUCTOS ALIMENTICIOS TARTAGAL S R L | D28: RI | E28: 30703957478 | F28: 11660 | G28: FAC | H28: A0000300100226 | I28: A | J28: 3 | K28: 100226 | L28: =CONCATENATE(E28,J28,K28) -> 307039574783100226 | M28: 21 | N28: 0 | O28: 1158379.4 | P28: 243259.66 | Q28: 1424806.6 | S28: 23167.59 | T28: =VLOOKUP(L28,'MIS COMPROBANTES'!E:Q,13,0) -> 1424806.6
A29: 45414 | B29: T | C29: PRODUCTOS ALIMENTICIOS TARTAGAL S R L | D29: RI | E29: 30703957478 | F29: 11659 | G29: FAC | H29: A0000300100229 | I29: A | J29: 3 | K29: 100229 | L29: =CONCATENATE(E29,J29,K29) -> 307039574783100229 | M29: 21 | N29: 0 | O29: 5596510.3 | P29: 1175267.2 | Q29: 6883707.7 | S29: 111930.21 | T29: =VLOOKUP(L29,'MIS COMPROBANTES'!E:Q,13,0) -> 6883707.7
A30: 45414 | B30: FIN | C30: FINCA DE SANTIAGO S.A. | D30: RI | E30: 30709571717 | F30: 11712 | G30: FAC | H30: A0000500000951 | I30: A | J30: 5 | K30: 951 | L30: =CONCATENATE(E30,J30,K30) -> 307095717175951 | M30: 21 | N30: 0 | O30: 19433554 | P30: 4081046.3 | Q30: 23514600 | S30: 0 | T30: =VLOOKUP(L30,'MIS COMPROBANTES'!E:Q,13,0) -> 23514600
A31: 45414 | B31: LOLAPA | C31: LOLAPALUZA S.A. | D31: RI | E31: 30712175148 | F31: 11656 | G31: FAC | H31: A0000700008376 | I31: A | J31: 7 | K31: 8376 | L31: =CONCATENATE(E31,J31,K31) -> 3071217514878376 | M31: 21 | N31: 8534.98 | O31: 87990.08 | P31: 18477.92 | Q31: 115002.98 | R31: 9016591224 | S31: 0 | T31: =VLOOKUP(L31,'MIS COMPROBANTES'!E:Q,13,0) -> #N/A
A32: 45414 | B32: LAQUES | C32: CASSINI Y CESARATTO S.A. | D32: RI | E32: 30646618521 | F32: 11838 | G32: FAC | H32: A0002000152753 | I32: A | J32: 20 | K32: 152753 | L32: =CONCATENATE(E32,J32,K32) -> 3064661852120152753 | M32: 21 | N32: 0 | O32: 7450417.2 | P32: 1564587.6 | Q32: 9238517.3 | S32: 0 | T32: =VLOOKUP(L32,'MIS COMPROBANTES'!E:Q,13,0) -> 9238517.3
A33: 45414 | B33: LAQUES | C33: CASSINI Y CESARATTO S.A. | D33: RI | E33: 30646618521 | F33: 11838 | G33: FAC | H33: A0002000152753 | I33: A | J33: 20 | K33: 152753 | L33: =CONCATENATE(E33,J33,K33) -> 3064661852120152753 | M33: 3 | N33: 0 | O33: 0 | P33: 223512.51 | Q33: 0 | S33: 0 | T33: =VLOOKUP(L33,'MIS COMPROBANTES'!E:Q,13,0) -> 9238517.3
A34: 45414 | B34: CALSA | C34: COMPAÑIA ARGENTINA DE LEVADURAS S A I C | D34: RI | E34: 30532149793 | F34: 11871 | G34: FAC | H34: A0004600400220 | I34: A | J34: 46 | K34: 400220 | L34: =CONCATENATE(E34,J34,K34) -> 3053214979346400220 | M34: 21 | N34: 0 | O34: 1531572 | P34: 321630.12 | Q34: 1929780.7 | S34: 30631.44 | T34: =VLOOKUP(L34,'MIS COMPROBANTES'!E:Q,13,0) -> 1929780.7
A35: 45414 | B35: CALSA | C35: COMPAÑIA ARGENTINA DE LEVADURAS S A I C | D35: RI | E35: 30532149793 | F35: 11871 | G35: FAC | H35: A0004600400220 | I35: A | J35: 46 | K35: 400220 | L35: =CONCATENATE(E35,J35,K35) -> 3053214979346400220 | M35: 3 | N35: 0 | O35: 0 | P35: 45947.16 | Q35: 0 | S35: 0 | T35: =VLOOKUP(L35,'MIS COMPROBANTES'!E:Q,13,0) -> 1929780.7
A36: 45414 | B36: DOS | C36: COMPAÑIA INTRODUCTORA DE BUENOS AIRES S A | D36: RI | E36: 30501290323 | F36: 11841 | G36: FAC | H36: A0021800160954 | I36: A | J36: 218 | K36: 160954 | L36: =CONCATENATE(E36,J36,K36) -> 30501290323218160954 | M36: 21 | N36: 0 | O36: 132196.75 | P36: 27761.32 | Q36: 170533.81 | S36: 6609.84 | T36: =VLOOKUP(L36,'MIS COMPROBANTES'!E:Q,13,0) -> 170533.81
A37: 45414 | B37: DOS | C37: COMPAÑIA INTRODUCTORA DE BUENOS AIRES S A | D37: RI | E37: 30501290323 | F37: 11841 | G37: FAC | H37: A0021800160954 | I37: A | J37: 218 | K37: 160954 | L37: =CONCATENATE(E37,J37,K37) -> 30501290323218160954 | M37: 3 | N37: 0 | O37: 0 | P37: 3965.9 | Q37: 0 | S37: 0 | T37: =VLOOKUP(L37,'MIS COMPROBANTES'!E:Q,13,0) -> 170533.81
A38: 45414 | B38: DOS | C38: COMPAÑIA INTRODUCTORA DE BUENOS AIRES S A | D38: RI | E38: 30501290323 | F38: 11840 | G38: FAC | H38: A0021800160955 | I38: A | J38: 218 | K38: 160955 | L38: =CONCATENATE(E38,J38,K38) -> 30501290323218160955 | M38: 21 | N38: 0 | O38: 132196.75 | P38: 27761.32 | Q38: 170533.81 | S38: 6609.84 | T38: =VLOOKUP(L38,'MIS COMPROBANTES'!E:Q,13,0) -> 170533.81
A39: 45414 | B39: DOS | C39: COMPAÑIA INTRODUCTORA DE BUENOS AIRES S A | D39: RI | E39: 30501290323 | F39: 11840 | G39: FAC | H39: A0021800160955 | I39: A | J39: 218 | K39: 160955 | L39: =CONCATENATE(E39,J39,K39) -> 30501290323218160955 | M39: 3 | N39: 0 | O39: 0 | P39: 3965.9 | Q39: 0 | S39: 0 | T39: =VLOOKUP(L39,'MIS COMPROBANTES'!E:Q,13,0) -> 170533.81
A40: 45414 | B40: DOS | C40: COMPAÑIA INTRODUCTORA DE BUENOS AIRES S A | D40: RI | E40: 30501290323 | F40: 11839 | G40: FAC | H40: A0021800160956 | I40: A | J40: 218 | K40: 160956 | L40: =CONCATENATE(E40,J40,K40) -> 30501290323218160956 | M40: 21 | N40: 0 | O40: 132196.75 | P40: 27761.32 | Q40: 170533.81 | S40: 6609.84 | T40: =VLOOKUP(L40,'MIS COMPROBANTES'!E:Q,13,0) -> 170533.81
A41: 45414 | B41: DOS | C41: COMPAÑIA INTRODUCTORA DE BUENOS AIRES S A | D41: RI | E41: 30501290323 | F41: 11839 | G41: FAC | H41: A0021800160956 | I41: A | J41: 218 | K41: 160956 | L41: =CONCATENATE(E41,J41,K41) -> 30501290323218160956 | M41: 3 | N41: 0 | O41: 0 | P41: 3965.9 | Q41: 0 | S41: 0 | T41: =VLOOKUP(L41,'MIS COMPROBANTES'!E:Q,13,0) -> 170533.81
A42: 45414 | B42: DOS | C42: COMPAÑIA INTRODUCTORA DE BUENOS AIRES S A | D42: RI | E42: 30501290323 | F42: 11842 | G42: FAC | H42: A0021800160957 | I42: A | J42: 218 | K42: 160957 | L42: =CONCATENATE(E42,J42,K42) -> 30501290323218160957 | M42: 21 | N42: 0 | O42: 2983459.8 | P42: 626526.55 | Q42: 3848663.1 | S42: 149172.99 | T42: =VLOOKUP(L42,'MIS COMPROBANTES'!E:Q,13,0) -> 3848663.1
A43: 45414 | B43: DOS | C43: COMPAÑIA INTRODUCTORA DE BUENOS AIRES S A | D43: RI | E43: 30501290323 | F43: 11842 | G43: FAC | H43: A0021800160957 | I43: A | J43: 218 | K43: 160957 | L43: =CONCATENATE(E43,J43,K43) -> 30501290323218160957 | M43: 3 | N43: 0 | O43: 0 | P43: 89503.79 | Q43: 0 | S43: 0 | T43: =VLOOKUP(L43,'MIS COMPROBANTES'!E:Q,13,0) -> 3848663.1
... A54: 45414 | B54: FIN | C54: FINCA DE SANTIAGO S.A. | D54: RI | E54: 30709571717 | F54: 11713 | G54: N/C | H54: A0000500000248 | I54: A | J54: 5 | K54: 248 | L54: =CONCATENATE(E54,J54,K54) -> 307095717175248 | M54: 21 | N54: 0 | O54: -684297.52 | P54: -143702.48 | Q54: -828000 | S54: 0 | T54: =VLOOKUP(L54,'MIS COMPROBANTES'!E:Q,13,0) -> 828000
A55: 45415 | B55: RIO | C55: BANCO SANTANDER RIO | D55: RI | E55: 30500008454 | F55: 11827 | G55: FAC | H55: 00202490004401 | I55: 0 | J55: 2024 | K55: 90004401 | L55: =CONCATENATE(E55,J55,K55) -> 30500008454202490004401 | M55: 10.5 | N55: 636.18 | O55: 21656.09 | P55: 2273.88 | Q55: 24636.66 | S55: 70.51 | T55: =VLOOKUP(L55,'MIS COMPROBANTES'!E:Q,13,0) -> #N/A
A56: 45415 | B56: VERISU | C56: VERISURE ARGENTINA MONITOREO DE ALARMAS SA | D56: RI | E56: 33716307749 | F56: 11932 | G56: FAC | H56: A0000100466056 | I56: A | J56: 1 | K56: 466056 | L56: =CONCATENATE(E56,J56,K56) -> 337163077491466056 | M56: 21 | N56: 0 | O56: 26678.84 | P56: 5602.56 | Q56: 32814.98 | S56: 533.58 | T56: =VLOOKUP(L56,'MIS COMPROBANTES'!E:Q,13,0) -> 32814.98
A57: 45415 | B57: FOXTEX | C57: FOX- TEX S.A | D57: RI | E57: 30711311404 | F57: 12015 | G57: FAC | H57: A0000200005375 | I57: A | J57: 2 | K57: 5375 | L57: =CONCATENATE(E57,J57,K57) -> 3071131140425375 | M57: 21 | N57: 0 | O57: 9042000 | P57: 1898820 | Q57: 10940820 | R57: 902-552962-8 | S57: 0 | T57: =VLOOKUP(L57,'MIS COMPROBANTES'!E:Q,13,0) -> 10940820
A58: 45415 | B58: PARME | C58: BUCKINGHAM SRL | D58: RI | E58: 30715195999 | F58: 11862 | G58: FAC | H58: A0000300002239 | I58: A | J58: 3 | K58: 2239 | L58: =CONCATENATE(E58,J58,K58) -> 3071519599932239 | M58: 21 | N58: 0 | O58: 289179.7 | P58: 60727.74 | Q58: 349907.44 | S58: 0 | T58: =VLOOKUP(L58,'MIS COMPROBANTES'!E:Q,13,0) -> 349907.44
A59: 45415 | B59: JUMBA | C59: OLIVOS DEL NORTE S.R.L. | D59: RI | E59: 30711497974 | F59: 11852 | G59: FAC | H59: A0000300048401 | I59: A | J59: 3 | K59: 48401 | L59: =CONCATENATE(E59,J59,K59) -> 30711497974348401 | M59: 21 | N59: 0 | O59: 497119.6 | P59: 104395.12 | Q59: 601514.72 | S59: 0 | T59: =VLOOKUP(L59,'MIS COMPROBANTES'!E:Q,13,0) -> 601514.72
A60: 45415 | B60: AG | C60: BARDONI HERNAN EDUARDO | D60: RI | E60: 20243348677 | F60: 11835 | G60: FAC | H60: A0000400001434 | I60: A | J60: 4 | K60: 1434 | L60: =CONCATENATE(E60,J60,K60) -> 2024334867741434 | M60: 10.5 | N60: 0 | O60: 1090000 | P60: 114450 | Q60: 1204450 | S60: 0 | T60: =VLOOKUP(L60,'MIS COMPROBANTES'!E:Q,13,0) -> 1204450
A61: 45415 | B61: AG | C61: BARDONI HERNAN EDUARDO | D61: RI | E61: 20243348677 | F61: 11836 | G61: FAC | H61: A0000400001435 | I61: A | J61: 4 | K61: 1435 | L61: =CONCATENATE(E61,J61,K61) -> 2024334867741435 | M61: 21 | N61: 0 | O61: 1751000 | P61: 47775 | Q61: 1958742.5 | S61: 0 | T61: =VLOOKUP(L61,'MIS COMPROBANTES'!E:Q,13,0) -> 1958742.5
A62: 45415 | B62: AG | C62: BARDONI HERNAN EDUARDO | D62: RI | E62: 20243348677 | F62: 11836 | G62: FAC | H62: A0000400001435 | I62: A | J62: 4 | K62: 1435 | L62: =CONCATENATE(E62,J62,K62) -> 2024334867741435 | M62: 10.5 | N62: 0 | O62: 0 | P62: 159967.5 | Q62: 0 | S62: 0 | T62: =VLOOKUP(L62,'MIS COMPROBANTES'!E:Q,13,0) -> 1958742.5
A63: 45415 | B63: HOR | C63: HORVINDUL SRL | D63: RI | E63: 30709614785 | F63: 11834 | G63: FAC | H63: A0000500007357 | I63: A | J63: 5 | K63: 7357 | L63: =CONCATENATE(E63,J63,K63) -> 3070961478557357 | M63: 21 | N63: 0 | O63: 385560 | P63: 80967.6 | Q63: 466527.6 | S63: 0 | T63: =VLOOKUP(L63,'MIS COMPROBANTES'!E:Q,13,0) -> 466527.6
A64: 45415 | B64: INALPA | C64: INALPA (INDUSTRIAS ALIMENTICIAS PAVON ARRIBA | D64: RI | E64: 30567020734 | F64: 12036 | G64: FAC | H64: A0004300022763 | I64: A | J64: 43 | K64: 22763 | L64: =CONCATENATE(E64,J64,K64) -> 305670207344322763 | M64: 21 | N64: 0 | O64: 3525514 | P64: 740357.94 | Q64: 4265871.9 | S64: 0 | T64: =VLOOKUP(L64,'MIS COMPROBANTES'!E:Q,13,0) -> 4265871.9
A65: 45415 | B65: PIAMON | C65: LA PIAMONTESA S.A. | D65: RI | E65: 30503861638 | F65: 11845 | G65: FAC | H65: A0006300065647 | I65: A | J65: 63 | K65: 65647 | L65: =CONCATENATE(E65,J65,K65) -> 305038616386365647 | M65: 21 | N65: 0 | O65: 627597.99 | P65: 131795.57 | Q65: 790773.45 | S65: 12551.96 | T65: =VLOOKUP(L65,'MIS COMPROBANTES'!E:Q,13,0) -> 790773.45
A66: 45415 | B66: PIAMON | C66: LA PIAMONTESA S.A. | D66: RI | E66: 30503861638 | F66: 11845 | G66: FAC | H66: A0006300065647 | I66: A | J66: 63 | K66: 65647 | L66: =CONCATENATE(E66,J66,K66) -> 305038616386365647 | M66: 3 | N66: 0 | O66: 0 | P66: 18827.93 | Q66: 0 | S66: 0 | T66: =VLOOKUP(L66,'MIS COMPROBANTES'!E:Q,13,0) -> 790773.45
A67: 45415 | B67: LODI | C67: LODISER S.A. | D67: RI | E67: 30707059806 | F67: 11849 | G67: FAC | H67: A0009000437347 | I67: A | J67: 90 | K67: 437347 | L67: =CONCATENATE(E67,J67,K67) -> 3070705980690437347 | M67: 21 | N67: 0 | O67: 881541.2 | P67: 185123.65 | Q67: 1137188.1 | R67: 901-039988-2 | S67: 44077.06 | T67: =VLOOKUP(L67,'MIS COMPROBANTES'!E:Q,13,0) -> 1137188.1
A68: 45415 | B68: LODI | C68: LODISER S.A. | D68: RI | E68: 30707059806 | F68: 11849 | G68: FAC | H68: A0009000437347 | I68: A | J68: 90 | K68: 437347 | L68: =CONCATENATE(E68,J68,K68) -> 3070705980690437347 | M68: 3 | N68: 0 | O68: 0 | P68: 26446.24 | Q68: 0 | R68: 901-039988-2 | S68: 0 | T68: =VLOOKUP(L68,'MIS COMPROBANTES'!E:Q,13,0) -> 1137188.1
A69: 45415 | B69: CAAUS | C69: CAMPO AUSTRAL SA | D69: RI | E69: 30663197599 | F69: 11846 | G69: FAC | H69: A0053900040432 | I69: A | J69: 539 | K69: 40432 | L69: =CONCATENATE(E69,J69,K69) -> 3066319759953940432 | M69: 21 | N69: 0 | O69: 549623.3 | P69: 115420.9 | Q69: 676036.66 | S69: 10992.46 | T69: =VLOOKUP(L69,'MIS COMPROBANTES'!E:Q,13,0) -> 676036.65
A70: 45415 | B70: GCOSA | C70: GRUPO CONCESIONARIO DEL OESTE SA | D70: RI | E70: 30663498513 | F70: 12322 | G70: FAC | H70: A0062905099324 | I70: A | J70: 629 | K70: 5099324 | L70: =CONCATENATE(E70,J70,K70) -> 306634985136295099324 | M70: 21 | N70: 0 | O70: 247.93 | P70: 52.07 | Q70: 300 | S70: 0 | T70: =VLOOKUP(L70,'MIS COMPROBANTES'!E:Q,13,0) -> 300
A71: 45415 | B71: GCOSA | C71: GRUPO CONCESIONARIO DEL OESTE SA | D71: RI | E71: 30663498513 | F71: 12321 | G71: FAC | H71: A0062905099970 | I71: A | J71: 629 | K71: 5099970 | L71: =CONCATENATE(E71,J71,K71) -> 306634985136295099970 | M71: 21 | N71: 0 | O71: 1900.83 | P71: 399.17 | Q71: 2357.02 | S71: 57.02 | T71: =VLOOKUP(L71,'MIS COMPROBANTES'!E:Q,13,0) -> 2357.02
A72: 45415 | B72: AUSOL | C72: AUTOPISTAS DEL SOL SA | D72: RI | E72: 30677237119 | F72: 12300 | G72: FAC | H72: A0071105662018 | I72: A | J72: 711 | K72: 5662018 | L72: =CONCATENATE(E72,J72,K72) -> 306772371197115662018 | M72: 21 | N72: 0 | O72: 7272.63 | P72: 1527.37 | Q72: 9381.81 | S72: 363.63 | T72: =VLOOKUP(L72,'MIS COMPROBANTES'!E:Q,13,0) -> 9381.81
A73: 45415 | B73: AUSOL | C73: AUTOPISTAS DEL SOL SA | D73: RI | E73: 30677237119 | F73: 12300 | G73: FAC | H73: A0071105662018 | I73: A | J73: 711 | K73: 5662018 | L73: =CONCATENATE(E73,J73,K73) -> 306772371197115662018 | M73: 3 | N73: 0 | O73: 0 | P73: 218.18 | Q73: 0 | S73: 0 | T73: =VLOOKUP(L73,'MIS COMPROBANTES'!E:Q,13,0) -> 9381.81
A74: 45415 | B74: AUSOL | C74: AUTOPISTAS DEL SOL SA | D74: RI | E74: 30677237119 | F74: 12301 | G74: FAC | H74: A0071105664894 | I74: A | J74: 711 | K74: 5664894 | L74: =CONCATENATE(E74,J74,K74) -> 306772371197115664894 | M74: 21 | N74: 0 | O74: 21900.76 | P74: 4599.24 | Q74: 28252.06 | S74: 1095.04 | T74: =VLOOKUP(L74,'MIS COMPROBANTES'!E:Q,13,0) -> 28252.06
A75: 45415 | B75: AUSOL | C75: AUTOPISTAS DEL SOL SA | D75: RI | E75: 30677237119 | F75: 12301 | G75: FAC | H75: A0071105664894 | I75: A | J75: 711 | K75: 5664894 | L75: =CONCATENATE(E75,J75,K75) -> 306772371197115664894 | M75: 3 | N75: 0 | O75: 0 | P75: 657.02 | Q75: 0 | S75: 0 | T75: =VLOOKUP(L75,'MIS COMPROBANTES'!E:Q,13,0) -> 28252.06
A76: 45415 | B76: AUSOL | C76: AUTOPISTAS DEL SOL SA | D76: RI | E76: 30677237119 | F76: 12299 | G76: FAC | H76: A0071105666700 | I76: A | J76: 711 | K76: 5666700 | L76: =CONCATENATE(E76,J76,K76) -> 306772371197115666700 | M76: 21 | N76: 0 | O76: 34008.05 | P76: 7141.95 | Q76: 43870.64 | S76: 1700.4 | T76: =VLOOKUP(L76,'MIS COMPROBANTES'!E:Q,13,0) -> 43870.64
A77: 45415 | B77: AUSOL | C77: AUTOPISTAS DEL SOL SA | D77: RI | E77: 30677237119 | F77: 12299 | G77: FAC | H77: A0071105666700 | I77: A | J77: 711 | K77: 5666700 | L77: =CONCATENATE(E77,J77,K77) -> 306772371197115666700 | M77: 3 | N77: 0 | O77: 0 | P77: 1020.24 | Q77: 0 | S77: 0 | T77: =VLOOKUP(L77,'MIS COMPROBANTES'!E:Q,13,0) -> 43870.64
A78: 45415 | B78: SAP | C78: Molfino Hnos SA | D78: RI | E78: 30500768262 | F78: 11890 | G78: FAC | H78: A0200200285596 | I78: A | J78: 2002 | K78: 285596 | L78: =CONCATENATE(E78,J78,K78) -> 305007682622002285596 | M78: 21 | N78: 0 | O78: 3548942.2 | P78: 745277.86 | Q78: 4578135.4 | S78: 177447.1 | T78: =VLOOKUP(L78,'MIS COMPROBANTES'!E:Q,13,0) -> 4578135.4
A79: 45415 | B79: SAP | C79: Molfino Hnos SA | D79: RI | E79: 30500768262 | F79: 11890 | G79: FAC | H79: A0200200285596 | I79: A | J79: 2002 | K79: 285596 | L79: =CONCATENATE(E79,J79,K79) -> 305007682622002285596 | M79: 3 | N79: 0 | O79: 0 | P79: 106468.26 | Q79: 0 | S79: 0 | T79: =VLOOKUP(L79,'MIS COMPROBANTES'!E:Q,13,0) -> 4578135.4
A80: 45415 | B80: BUN | C80: BUNGE ARGENTINA S.A. | D80: RI | E80: 30700869918 | F80: 11896 | G80: FAC | H80: A0200900037405 | I80: A | J80: 2009 | K80: 37405 | L80: =CONCATENATE(E80,J80,K80) -> 30700869918200937405 | M80: 21 | N80: 0 | O80: 1095600 | P80: 230076 | Q80: 1413324 | S80: 54780 | T80: =VLOOKUP(L80,'MIS COMPROBANTES'!E:Q,13,0) -> 1413324
... A88: 45415 | B88: VILLAD | C88: VILLA DANIEL ALEJANDRO | D88: RS | E88: 20180563017 | F88: 11641 | G88: FAC | H88: C0000300005329 | I88: C | J88: 3 | K88: 5329 | L88: =CONCATENATE(E88,J88,K88) -> 2018056301735329 | M88: 0 | N88: 78000 | O88: 0 | P88: 0 | Q88: 78000 | S88: 0 | T88: =VLOOKUP(L88,'MIS COMPROBANTES'!E:Q,13,0) -> 78000
A89: 45415 | B89: FOXTEX | C89: FOX- TEX S.A | D89: RI | E89: 30711311404 | F89: 12016 | G89: N/C | H89: A0000200000411 | I89: A | J89: 2 | K89: 411 | L89: =CONCATENATE(E89,J89,K89) -> 307113114042411 | M89: 21 | N89: 0 | O89: -361680 | P89: -75952.8 | Q89: -437632.8 | R89: 902-552962-8 | S89: 0 | T89: =VLOOKUP(L89,'MIS COMPROBANTES'!E:Q,13,0) -> 437632.8
A90: 45416 | B90: CORRCH | C90: CORRUGADOS CHACABUCO | D90: RI | E90: 30716838265 | F90: 12240 | G90: FAC | H90: A0000300003588 | I90: A | J90: 3 | K90: 3588 | L90: =CONCATENATE(E90,J90,K90) -> 3071683826533588 | M90: 21 | N90: 0 | O90: 2349270 | P90: 493346.7 | Q90: 2842616.7 | S90: 0 | T90: =VLOOKUP(L90,'MIS COMPROBANTES'!E:Q,13,0) -> 2842616.7
A91: 45416 | B91: MIL | C91: MILKAUT S.A. | D91: RI | E91: 30682032630 | F91: 12031 | G91: FAC | H91: A0062200275203 | I91: A | J91: 622 | K91: 275203 | L91: =CONCATENATE(E91,J91,K91) -> 30682032630622275203 | M91: 21 | N91: 0 | O91: 471501.9 | P91: 99015.4 | Q91: 608237.46 | S91: 23575.1 | T91: =VLOOKUP(L91,'MIS COMPROBANTES'!E:Q,13,0) -> 608237.46
A92: 45416 | B92: MIL | C92: MILKAUT S.A. | D92: RI | E92: 30682032630 | F92: 12031 | G92: FAC | H92: A0062200275203 | I92: A | J92: 622 | K92: 275203 | L92: =CONCATENATE(E92,J92,K92) -> 30682032630622275203 | M92: 3 | N92: 0 | O92: 0 | P92: 14145.06 | Q92: 0 | S92: 0 | T92: =VLOOKUP(L92,'MIS COMPROBANTES'!E:Q,13,0) -> 608237.46
A93: 45416 | B93: REYSEB | C93: REY SEBASTIAN MAXIMILIANO | D93: RS | E93: 20330065983 | F93: 11687 | G93: FAC | H93: C0000200000190 | I93: C | J93: 2 | K93: 190 | L93: =CONCATENATE(E93,J93,K93) -> 203300659832190 | M93: 0 | N93: 150250 | O93: 0 | P93: 0 | Q93: 150250 | S93: 0 | T93: =VLOOKUP(L93,'MIS COMPROBANTES'!E:Q,13,0) -> 150250
A94: 45417 | B94: OPESSA | C94: OPERAD. DE EST. DE SERV. S.A | D94: RI | E94: 30678774495 | F94: 11784 | G94: FAC | H94: A0729600027092 | I94: A | J94: 7296 | K94: 27092 | L94: =CONCATENATE(E94,J94,K94) -> 30678774495729627092 | M94: 21 | N94: 6422.98 | O94: 48412.37 | P94: 10166.6 | Q94: 66098.66 | S94: 1096.71 | T94: =VLOOKUP(L94,'MIS COMPROBANTES'!E:Q,13,0) -> 66098.66
A95: 45417 | B95: EASY | C95: CENCOSUD S A | D95: RI | E95: 30590360763 | F95: 11786 | G95: FAC | H95: A0827900002944 | I95: A | J95: 8279 | K95: 2944 | L95: =CONCATENATE(E95,J95,K95) -> 3059036076382792944 | M95: 21 | N95: 0 | O95: 85574.38 | P95: 17970.62 | Q95: 110390.95 | S95: 4278.72 | T95: =VLOOKUP(L95,'MIS COMPROBANTES'!E:Q,13,0) -> 110390.95
A96: 45417 | B96: EASY | C96: CENCOSUD S A | D96: RI | E96: 30590360763 | F96: 11786 | G96: FAC | H96: A0827900002944 | I96: A | J96: 8279 | K96: 2944 | L96: =CONCATENATE(E96,J96,K96) -> 3059036076382792944 | M96: 3 | N96: 0 | O96: 0 | P96: 2567.23 | Q96: 0 | S96: 0 | T96: =VLOOKUP(L96,'MIS COMPROBANTES'!E:Q,13,0) -> 110390.95
A97: 45417 | B97: TAR | C97: TARTARELLI JUAN MANUEL | D97: RS | E97: 20245294825 | F97: 11927 | G97: FAC | H97: C0000200000356 | I97: C | J97: 2 | K97: 356 | L97: =CONCATENATE(E97,J97,K97) -> 202452948252356 | M97: 0 | N97: 34000 | O97: 0 | P97: 0 | Q97: 34000 | S97: 0 | T97: =VLOOKUP(L97,'MIS COMPROBANTES'!E:Q,13,0) -> 34000
A98: 45418 | B98: RIO | C98: BANCO SANTANDER RIO | D98: RI | E98: 30500008454 | F98: 11941 | G98: FAC | H98: 00202410197251 | I98: 0 | J98: 2024 | K98: 10197251 | L98: =CONCATENATE(E98,J98,K98) -> 30500008454202410197251 | M98: 10.5 | N98: 1010698.3 | O98: 1229139.3 | P98: 129059.62 | Q98: 2411877.7 | S98: 24582.78 | T98: =VLOOKUP(L98,'MIS COMPROBANTES'!E:Q,13,0) -> #N/A
A99: 45418 | B99: RIO | C99: BANCO SANTANDER RIO | D99: RI | E99: 30500008454 | F99: 11941 | G99: FAC | H99: 00202410197251 | I99: 0 | J99: 2024 | K99: 10197251 | L99: =CONCATENATE(E99,J99,K99) -> 30500008454202410197251 | M99: 1.5 | N99: 0 | O99: 0 | P99: 18397.73 | Q99: 0 | S99: 0 | T99: =VLOOKUP(L99,'MIS COMPROBANTES'!E:Q,13,0) -> #N/A
A100: 45418 | B100: RIO | C100: BANCO SANTANDER RIO | D100: RI | E100: 30500008454 | F100: 11828 | G100: FAC | H100: 00202490043201 | I100: 0 | J100: 2024 | K100: 90043201 | L100: =CONCATENATE(E100,J100,K100) -> 30500008454202490043201 | M100: 10.5 | N100: 8496.68 | O100: 222117.66 | P100: 23322.35 | Q100: 261634.09 | S100: 4398.5 | T100: =VLOOKUP(L100,'MIS COMPROBANTES'!E:Q,13,0) -> #N/A
A101: 45418 | B101: RIO | C101: BANCO SANTANDER RIO | D101: RI | E101: 30500008454 | F101: 11828 | G101: FAC | H101: 00202490043201 | I101: 0 | J101: 2024 | K101: 90043201 | L101: =CONCATENATE(E101,J101,K101) -> 30500008454202490043201 | M101: 1.5 | N101: 0 | O101: 0 | P101: 3298.9 | Q101: 0 | S101: 0 | T101: =VLOOKUP(L101,'MIS COMPROBANTES'!E:Q,13,0) -> #N/A
A102: 45418 | B102: RIO | C102: BANCO SANTANDER RIO | D102: RI | E102: 30500008454 | F102: 11940 | G102: FAC | H102: 00202494320510 | I102: 0 | J102: 2024 | K102: 94320510 | L102: =CONCATENATE(E102,J102,K102) -> 30500008454202494320510 | M102: 10.5 | N102: 1871330.9 | O102: 450156.83 | P102: 47266.47 | Q102: 2384509.7 | S102: 9003.14 | T102: =VLOOKUP(L102,'MIS COMPROBANTES'!E:Q,13,0) -> #N/A
A103: 45418 | B103: RIO | C103: BANCO SANTANDER RIO | D103: RI | E103: 30500008454 | F103: 11940 | G103: FAC | H103: 00202494320510 | I103: 0 | J103: 2024 | K103: 94320510 | L103: =CONCATENATE(E103,J103,K103) -> 30500008454202494320510 | M103: 1.5 | N103: 0 | O103: 0 | P103: 6752.35 | Q103: 0 | S103: 0 | T103: =VLOOKUP(L103,'MIS COMPROBANTES'!E:Q,13,0) -> #N/A
A104: 45418 | B104: MAIZOL | C104: ACEITERA GERASOLES S.A. | D104: RI | E104: 33717710229 | F104: 11833 | G104: FAC | H104: A0000100000471 | I104: A | J104: 1 | K104: 471 | L104: =CONCATENATE(E104,J104,K104) -> 337177102291471 | M104: 21 | N104: 0 | O104: 1420000 | P104: 298200 | Q104: 1718200 | S104: 0 | T104: =VLOOKUP(L104,'MIS COMPROBANTES'!E:Q,13,0) -> 1718200
A105: 45418 | B105: ROLLS | C105: ROLLS Y EMPANADAS S.A. | D105: RI | E105: 30715048066 | F105: 11697 | G105: FAC | H105: A0000100000787 | I105: A | J105: 1 | K105: 787 | L105: =CONCATENATE(E105,J105,K105) -> 307150480661787 | M105: 21 | N105: 0 | O105: 5181819.5 | P105: 1088182.1 | Q105: 6270001.6 | S105: 0 | T105: =VLOOKUP(L105,'MIS COMPROBANTES'!E:Q,13,0) -> 6270001.6
A106: 45418 | B106: 3PL | C106: 3PL SRL | D106: RI | E106: 30714746436 | F106: 11924 | G106: FAC | H106: A0000300001377 | I106: A | J106: 3 | K106: 1377 | L106: =CONCATENATE(E106,J106,K106) -> 3071474643631377 | M106: 21 | N106: 0 | O106: 712500 | P106: 149625 | Q106: 862125 | S106: 0 | T106: =VLOOKUP(L106,'MIS COMPROBANTES'!E:Q,13,0) -> 862125
A107: 45418 | B107: 3PL | C107: 3PL SRL | D107: RI | E107: 30714746436 | F107: 11925 | G107: FAC | H107: A0000300001378 | I107: A | J107: 3 | K107: 1378 | L107: =CONCATENATE(E107,J107,K107) -> 3071474643631378 | M107: 21 | N107: 0 | O107: 2164976.4 | P107: 454645.05 | Q107: 2619621.5 | S107: 0 | T107: =VLOOKUP(L107,'MIS COMPROBANTES'!E:Q,13,0) -> 2619621.5
A108: 45418 | B108: BA | C108: BAVOSI S.A | D108: RI | E108: 30629646708 | F108: 11865 | G108: FAC | H108: A0011500142226 | I108: A | J108: 115 | K108: 142226 | L108: =CONCATENATE(E108,J108,K108) -> 30629646708115142226 | M108: 21 | N108: 0 | O108: 1792807.8 | P108: 376489.64 | Q108: 2312722.1 | S108: 89640.39 | T108: =VLOOKUP(L108,'MIS COMPROBANTES'!E:Q,13,0) -> 2312722.1
A109: 45418 | B109: BA | C109: BAVOSI S.A | D109: RI | E109: 30629646708 | F109: 11865 | G109: FAC | H109: A0011500142226 | I109: A | J109: 115 | K109: 142226 | L109: =CONCATENATE(E109,J109,K109) -> 30629646708115142226 | M109: 3 | N109: 0 | O109: 0 | P109: 53784.23 | Q109: 0 | S109: 0 | T109: =VLOOKUP(L109,'MIS COMPROBANTES'!E:Q,13,0) -> 2312722.1
A110: 45418 | B110: BA | C110: BAVOSI S.A | D110: RI | E110: 30629646708 | F110: 11866 | G110: FAC | H110: A0011500142227 | I110: A | J110: 115 | K110: 142227 | L110: =CONCATENATE(E110,J110,K110) -> 30629646708115142227 | M110: 10.5 | N110: 0 | O110: 169092.09 | P110: 17754.67 | Q110: 191919.52 | S110: 5072.76 | T110: =VLOOKUP(L110,'MIS COMPROBANTES'!E:Q,13,0) -> 191919.52
A111: 45418 | B111: BA | C111: BAVOSI S.A | D111: RI | E111: 30629646708 | F111: 11867 | G111: FAC | H111: A0011500142228 | I111: A | J111: 115 | K111: 142228 | L111: =CONCATENATE(E111,J111,K111) -> 30629646708115142228 | M111: 21 | N111: 0 | O111: 659835.3 | P111: 138565.41 | Q111: 851187.54 | S111: 32991.77 | T111: =VLOOKUP(L111,'MIS COMPROBANTES'!E:Q,13,0) -> 851187.53
A112: 45418 | B112: BA | C112: BAVOSI S.A | D112: RI | E112: 30629646708 | F112: 11867 | G112: FAC | H112: A0011500142228 | I112: A | J112: 115 | K112: 142228 | L112: =CONCATENATE(E112,J112,K112) -> 30629646708115142228 | M112: 3 | N112: 0 | O112: 0 | P112: 19795.06 | Q112: 0 | S112: 0 | T112: =VLOOKUP(L112,'MIS COMPROBANTES'!E:Q,13,0) -> 851187.53
A113: 45418 | B113: UNI | C113: UNILEVER DE ARGENTINA S A | D113: RI | E113: 30501092696 | F113: 12070 | G113: FAC | H113: A0043701656983 | I113: A | J113: 437 | K113: 1656983 | L113: =CONCATENATE(E113,J113,K113) -> 305010926964371656983 | M113: 21 | N113: 0 | O113: 1523147.8 | P113: 319861.04 | Q113: 1964860.7 | S113: 76157.39 | T113: =VLOOKUP(L113,'MIS COMPROBANTES'!E:Q,13,0) -> 1964860.7
A114: 45418 | B114: UNI | C114: UNILEVER DE ARGENTINA S A | D114: RI | E114: 30501092696 | F114: 12070 | G114: FAC | H114: A0043701656983 | I114: A | J114: 437 | K114: 1656983 | L114: =CONCATENATE(E114,J114,K114) -> 305010926964371656983 | M114: 3 | N114: 0 | O114: 0 | P114: 45694.43 | Q114: 0 | S114: 0 | T114: =VLOOKUP(L114,'MIS COMPROBANTES'!E:Q,13,0) -> 1964860.7
A115: 45418 | B115: UNI | C115: UNILEVER DE ARGENTINA S A | D115: RI | E115: 30501092696 | F115: 11980 | G115: FAC | H115: A0043701656984 | I115: A | J115: 437 | K115: 1656984 | L115: =CONCATENATE(E115,J115,K115) -> 305010926964371656984 | M115: 21 | N115: 0 | O115: 15596326 | P115: 3275228.5 | Q115: 20119261 | S115: 779816.3 | T115: =VLOOKUP(L115,'MIS COMPROBANTES'!E:Q,13,0) -> 20119261
... A127: 45418 | B127: ARGUEL | C127: ARGÜELLO LUIS MIGUEL | D127: RS | E127: 20345349600 | F127: 11691 | G127: FAC | H127: C0000100000030 | I127: C | J127: 1 | K127: 30 | L127: =CONCATENATE(E127,J127,K127) -> 20345349600130 | M127: 0 | N127: 750900 | O127: 0 | P127: 0 | Q127: 750900 | S127: 0 | T127: =VLOOKUP(L127,'MIS COMPROBANTES'!E:Q,13,0) -> 750900
A128: 45419 | B128: RIO | C128: BANCO SANTANDER RIO | D128: RI | E128: 30500008454 | F128: 11829 | G128: FAC | H128: 00202490000201 | I128: 0 | J128: 2024 | K128: 90000201 | L128: =CONCATENATE(E128,J128,K128) -> 30500008454202490000201 | M128: 10.5 | N128: 11972.41 | O128: 312978.87 | P128: 32862.78 | Q128: 368727.41 | S128: 6236.2 | T128: =VLOOKUP(L128,'MIS COMPROBANTES'!E:Q,13,0) -> #N/A
...

Sheet MIS COMPROBANTES
A1: Fecha | B1: Tipo | C1: Punto de Venta | D1: Número Desde | E1: Número Hasta | F1: Cód. Autorización | G1: Tipo Doc. Emisor | H1: Nro. Doc. Emisor | I1: Denominación Emisor | J1: Tipo Cambio | K1: Moneda | L1: Imp. Neto Gravado | M1: Imp. Neto No Gravado | N1: Imp. Op. Exentas | O1: Otros Tributos | P1: IVA | Q1: Imp. Total
A2: 06/05/2024 | B2: 1 - Factura A | C2: 3 | D2: 1377 | E2: =CONCATENATE(H2,C2,D2) -> 3071474643631377 | F2: 74196131264727 | G2: CUIT | H2: 30714746436 | I2: 3PL SRL | J2: 1 | K2: $ | L2: 712500 | M2: 0 | N2: 0 | O2: 0 | P2: 149625 | Q2: 862125 | R2: =VLOOKUP(E2,'IVA COMPRAS'!L:Q,6,0) -> 862125
A3: 06/05/2024 | B3: 1 - Factura A | C3: 3 | D3: 1378 | E3: =CONCATENATE(H3,C3,D3) -> 3071474643631378 | F3: 74196131729709 | G3: CUIT | H3: 30714746436 | I3: 3PL SRL | J3: 1 | K3: $ | L3: 2164976.4 | M3: 0 | N3: 0 | O3: 0 | P3: 454645.05 | Q3: 2619621.5 | R3: =VLOOKUP(E3,'IVA COMPRAS'!L:Q,6,0) -> 2619621.5
A4: 15/05/2024 | B4: 1 - Factura A | C4: 3 | D4: 1393 | E4: =CONCATENATE(H4,C4,D4) -> 3071474643631393 | F4: 74216645832652 | G4: CUIT | H4: 30714746436 | I4: 3PL SRL | J4: 1 | K4: $ | L4: 22340591 | M4: 0 | N4: 0 | O4: 0 | P4: 4691524.2 | Q4: 27032115 | R4: =VLOOKUP(E4,'IVA COMPRAS'!L:Q,6,0) -> 27032115
A5: 06/05/2024 | B5: 1 - Factura A | C5: 1 | D5: 471 | E5: =CONCATENATE(H5,C5,D5) -> 337177102291471 | F5: 74199160741030 | G5: CUIT | H5: 33717710229 | I5: ACEITERA GERASOLES S.A. | J5: 1 | K5: $ | L5: 1420000 | M5: 0 | N5: 0 | O5: 0 | P5: 298200 | Q5: 1718200 | R5: =VLOOKUP(E5,'IVA COMPRAS'!L:Q,6,0) -> 1718200
A6: 13/05/2024 | B6: 1 - Factura A | C6: 1 | D6: 487 | E6: =CONCATENATE(H6,C6,D6) -> 337177102291487 | F6: 74209932372777 | G6: CUIT | H6: 33717710229 | I6: ACEITERA GERASOLES S.A. | J6: 1 | K6: $ | L6: 4500000 | M6: 0 | N6: 0 | O6: 0 | P6: 945000 | Q6: 5445000 | R6: =VLOOKUP(E6,'IVA COMPRAS'!L:Q,6,0) -> 5445000
A7: 31/05/2024 | B7: 1 - Factura A | C7: 1 | D7: 519 | E7: =CONCATENATE(H7,C7,D7) -> 337177102291519 | F7: 74229910571889 | G7: CUIT | H7: 33717710229 | I7: ACEITERA GERASOLES S.A. | J7: 1 | K7: $ | L7: 12090000 | M7: 0 | N7: 0 | O7: 0 | P7: 2538900 | Q7: 14628900 | R7: =VLOOKUP(E7,'IVA COMPRAS'!L:Q,6,0) -> 14628900
A8: 31/05/2024 | B8: 11 - Factura C | C8: 1 | D8: 10 | E8: =CONCATENATE(H8,C8,D8) -> 27321077299110 | F8: 74229868791859 | G8: CUIT | H8: 27321077299 | I8: ALVAREZ GABRIELA ANALIA | J8: 1 | K8: $ | O8: 0 | Q8: 580000 | R8: =VLOOKUP(E8,'IVA COMPRAS'!L:Q,6,0) -> 580000
A9: 01/05/2024 | B9: 1 - Factura A | C9: 1326 | D9: 838787 | E9: =CONCATENATE(H9,C9,D9) -> 306632884971326838787 | F9: 74187738343095 | G9: CUIT | H9: 30663288497 | I9: AMX ARGENTINA SOCIEDAD ANONIMA | J9: 1 | K9: $ | L9: 21260 | M9: 0 | N9: 0 | O9: 0 | P9: 4476.6 | Q9: 26799.6 | R9: =VLOOKUP(E9,'IVA COMPRAS'!L:Q,6,0) -> 26799.6
A10: 06/05/2024 | B10: 11 - Factura C | C10: 1 | D10: 30 | E10: =CONCATENATE(H10,C10,D10) -> 20345349600130 | F10: 74190167783128 | G10: CUIT | H10: 20345349600 | I10: ARGÜELLO LUIS MIGUEL | J10: 1 | K10: $ | O10: 0 | Q10: 750900 | R10: =VLOOKUP(E10,'IVA COMPRAS'!L:Q,6,0) -> 750900
A11: 06/05/2024 | B11: 1 - Factura A | C11: 14 | D11: 15688 | E11: =CONCATENATE(H11,C11,D11) -> 335405454191415688 | F11: 74199170390552 | G11: CUIT | H11: 33540545419 | I11: ARMANDO J RIOS S ACIF | J11: 1 | K11: $ | L11: 13500 | M11: 0 | N11: 0 | O11: 0 | P11: 2835 | Q11: 16740 | R11: =VLOOKUP(E11,'IVA COMPRAS'!L:Q,6,0) -> #N/A
A12: 06/05/2024 | B12: 3 - Nota de Crédito A | C12: 14 | D12: 1475 | E12: =CONCATENATE(H12,C12,D12) -> 33540545419141475 | F12: 74199170624991 | G12: CUIT | H12: 33540545419 | I12: ARMANDO J RIOS S ACIF | J12: 1 | K12: $ | L12: 13500 | M12: 0 | N12: 0 | O12: 0 | P12: 2835 | Q12: -16740 | R12: =VLOOKUP(E12,'IVA COMPRAS'!L:Q,6,0) -> #N/A
A13: 31/05/2024 | B13: 1 - Factura A | C13: 50 | D13: 3642257 | E13: =CONCATENATE(H13,C13,D13) -> 30714112836503642257 | F13: 74226025316646 | G13: CUIT | H13: 30714112836 | I13: AUTOPISTAS DE BUENOS AIRES (AUBASA) SA | J13: 1 | K13: $ | L13: 11417.35 | M13: 0 | N13: 0 | O13: 0 | P13: 2397.65 | Q13: 14728.39 | R13: =VLOOKUP(E13,'IVA COMPRAS'!L:Q,6,0) -> 14728.39
A14: 31/05/2024 | B14: 1 - Factura A | C14: 50 | D14: 3641532 | E14: =CONCATENATE(H14,C14,D14) -> 30714112836503641532 | F14: 74226025268654 | G14: CUIT | H14: 30714112836 | I14: AUTOPISTAS DE BUENOS AIRES (AUBASA) SA | J14: 1 | K14: $ | L14: 9351.24 | M14: 0 | N14: 0 | O14: 0 | P14: 1963.76 | Q14: 12063.11 | R14: =VLOOKUP(E14,'IVA COMPRAS'!L:Q,6,0) -> 12063.11
A15: 03/05/2024 | B15: 1 - Factura A | C15: 711 | D15: 5666700 | E15: =CONCATENATE(H15,C15,D15) -> 306772371197115666700 | F15: 34179735526070 | G15: CUIT | H15: 30677237119 | I15: AUTOPISTAS DEL SOL S A | J15: 1 | K15: $ | L15: 34008.05 | M15: 0 | N15: 1020.24 | O15: 0 | P15: 7141.95 | Q15: 43870.64 | R15: =VLOOKUP(E15,'IVA COMPRAS'!L:Q,6,0) -> 43870.64
A16: 03/05/2024 | B16: 1 - Factura A | C16: 711 | D16: 5662018 | E16: =CONCATENATE(H16,C16,D16) -> 306772371197115662018 | F16: 34179735526070 | G16: CUIT | H16: 30677237119 | I16: AUTOPISTAS DEL SOL S A | J16: 1 | K16: $ | L16: 7272.63 | M16: 0 | N16: 218.18 | O16: 0 | P16: 1527.37 | Q16: 9381.81 | R16: =VLOOKUP(E16,'IVA COMPRAS'!L:Q,6,0) -> 9381.81
A17: 03/05/2024 | B17: 1 - Factura A | C17: 711 | D17: 5664894 | E17: =CONCATENATE(H17,C17,D17) -> 306772371197115664894 | F17: 34179735526070 | G17: CUIT | H17: 30677237119 | I17: AUTOPISTAS DEL SOL S A | J17: 1 | K17: $ | L17: 21900.76 | M17: 0 | N17: 657.02 | O17: 0 | P17: 4599.24 | Q17: 28252.06 | R17: =VLOOKUP(E17,'IVA COMPRAS'!L:Q,6,0) -> 28252.06
A18: 17/05/2024 | B18: 1 - Factura A | C18: 711 | D18: 5722790 | E18: =CONCATENATE(H18,C18,D18) -> 306772371197115722790 | F18: 34209924038028 | G18: CUIT | H18: 30677237119 | I18: AUTOPISTAS DEL SOL S A | J18: 1 | K18: $ | L18: 24958.58 | M18: 0 | N18: 748.76 | O18: 0 | P18: 5241.42 | Q18: 32196.69 | R18: =VLOOKUP(E18,'IVA COMPRAS'!L:Q,6,0) -> 32196.69
A19: 17/05/2024 | B19: 1 - Factura A | C19: 711 | D19: 5720986 | E19: =CONCATENATE(H19,C19,D19) -> 306772371197115720986 | F19: 34209924038028 | G19: CUIT | H19: 30677237119 | I19: AUTOPISTAS DEL SOL S A | J19: 1 | K19: $ | L19: 21322.32 | M19: 0 | N19: 639.67 | O19: 0 | P19: 4477.68 | Q19: 27505.79 | R19: =VLOOKUP(E19,'IVA COMPRAS'!L:Q,6,0) -> 27505.79
A20: 17/05/2024 | B20: 1 - Factura A | C20: 711 | D20: 5718133 | E20: =CONCATENATE(H20,C20,D20) -> 306772371197115718133 | F20: 34209924038028 | G20: CUIT | H20: 30677237119 | I20: AUTOPISTAS DEL SOL S A | J20: 1 | K20: $ | L20: 5619.76 | M20: 0 | N20: 168.59 | O20: 0 | P20: 1180.24 | Q20: 7249.58 | R20: =VLOOKUP(E20,'IVA COMPRAS'!L:Q,6,0) -> 7249.58
A21: 02/05/2024 | B21: 1 - Factura A | C21: 5014 | D21: 610338 | E21: =CONCATENATE(H21,C21,D21) -> 305748764745014610338 | F21: 74184683189884 | G21: CUIT | H21: 30574876474 | I21: AUTOPISTAS URBANAS S A | J21: 1 | K21: $ | L21: 6742.88 | M21: 0 | N21: 0 | O21: 0 | P21: 1416 | Q21: 9035.46 | R21: =VLOOKUP(E21,'IVA COMPRAS'!L:Q,6,0) -> 9035.46
A22: 02/05/2024 | B22: 1 - Factura A | C22: 5011 | D22: 612383 | E22: =CONCATENATE(H22,C22,D22) -> 305748764745011612383 | F22: 74184670330200 | G22: CUIT | H22: 30574876474 | I22: AUTOPISTAS URBANAS S A | J22: 1 | K22: $ | L22: 23900.53 | M22: 0 | N22: 0 | O22: 0 | P22: 5019.08 | Q22: 32026.67 | R22: =VLOOKUP(E22,'IVA COMPRAS'!L:Q,6,0) -> 32026.68
... A52: 01/05/2024 | B52: 1 - Factura A | C52: 5 | D52: 579401 | E52: =CONCATENATE(H52,C52,D52) -> 305000357885579401 | F52: 74188605011421 | G52: CUIT | H52: 30500035788 | I52: BERKLEY INTERNATIONAL SEGUROS S.A. | J52: 1 | K52: $ | L52: 14850.45 | M52: 302.99 | N52: 0 | O52: 0 | P52: 3118.59 | Q52: 14850.45 | R52: =VLOOKUP(E52,'IVA COMPRAS'!L:Q,6,0) -> 14850.45
A53: 02/05/2024 | B53: 11 - Factura C | C53: 1 | D53: 32 | E53: =CONCATENATE(H53,C53,D53) -> 27444490204132 | F53: 74184715717287 | G53: CUIT | H53: 27444490204 | I53: BOTINDARI MARIA MERCEDES | J53: 1 | K53: $ | O53: 0 | Q53: 270000 | R53: =VLOOKUP(E53,'IVA COMPRAS'!L:Q,6,0) -> 270000
A54: 03/05/2024 | B54: 1 - Factura A | C54: 3 | D54: 2239 | E54: =CONCATENATE(H54,C54,D54) -> 3071519599932239 | F54: 74189838483963 | G54: CUIT | H54: 30715195999 | I54: BUCKINGHAM S.R.L. | J54: 1 | K54: $ | L54: 289179.7 | M54: 0 | N54: 0 | O54: 0 | P54: 60727.74 | Q54: 349907.44 | R54: =VLOOKUP(E54,'IVA COMPRAS'!L:Q,6,0) -> 349907.44
A55: 03/05/2024 | B55: 1 - Factura A | C55: 2009 | D55: 37406 | E55: =CONCATENATE(H55,C55,D55) -> 30700869918200937406 | F55: 74188907600135 | G55: CUIT | H55: 30700869918 | I55: BUNGE ARGENTINA S A | J55: 1 | K55: $ | L55: 4860000 | M55: 0 | N55: 0 | O55: 0 | P55: 1020600 | Q55: 6269400 | R55: =VLOOKUP(E55,'IVA COMPRAS'!L:Q,6,0) -> 6269400
A56: 03/05/2024 | B56: 1 - Factura A | C56: 2009 | D56: 37407 | E56: =CONCATENATE(H56,C56,D56) -> 30700869918200937407 | F56: 74188907607674 | G56: CUIT | H56: 30700869918 | I56: BUNGE ARGENTINA S A | J56: 1 | K56: $ | L56: 12636000 | M56: 0 | N56: 0 | O56: 0 | P56: 2653560 | Q56: 16300440 | R56: =VLOOKUP(E56,'IVA COMPRAS'!L:Q,6,0) -> 16300440
A57: 03/05/2024 | B57: 1 - Factura A | C57: 2009 | D57: 37405 | E57: =CONCATENATE(H57,C57,D57) -> 30700869918200937405 | F57: 74188907592467 | G57: CUIT | H57: 30700869918 | I57: BUNGE ARGENTINA S A | J57: 1 | K57: $ | L57: 1095600 | M57: 0 | N57: 0 | O57: 0 | P57: 230076 | Q57: 1413324 | R57: =VLOOKUP(E57,'IVA COMPRAS'!L:Q,6,0) -> 1413324
A58: 08/05/2024 | B58: 1 - Factura A | C58: 2009 | D58: 37599 | E58: =CONCATENATE(H58,C58,D58) -> 30700869918200937599 | F58: 74198445630957 | G58: CUIT | H58: 30700869918 | I58: BUNGE ARGENTINA S A | J58: 1 | K58: $ | L58: 5478000 | M58: 0 | N58: 0 | O58: 0 | P58: 1150380 | Q58: 7066620 | R58: =VLOOKUP(E58,'IVA COMPRAS'!L:Q,6,0) -> 7066620
A59: 08/05/2024 | B59: 1 - Factura A | C59: 2009 | D59: 37600 | E59: =CONCATENATE(H59,C59,D59) -> 30700869918200937600 | F59: 74198445639278 | G59: CUIT | H59: 30700869918 | I59: BUNGE ARGENTINA S A | J59: 1 | K59: $ | L59: 8800000 | M59: 0 | N59: 0 | O59: 0 | P59: 1848000 | Q59: 11352000 | R59: =VLOOKUP(E59,'IVA COMPRAS'!L:Q,6,0) -> 11352000
A60: 22/05/2024 | B60: 1 - Factura A | C60: 2009 | D60: 38027 | E60: =CONCATENATE(H60,C60,D60) -> 30700869918200938027 | F60: 74218948224045 | G60: CUIT | H60: 30700869918 | I60: BUNGE ARGENTINA S A | J60: 1 | K60: $ | L60: 10560000 | M60: 0 | N60: 0 | O60: 0 | P60: 2217600 | Q60: 13622400 | R60: =VLOOKUP(E60,'IVA COMPRAS'!L:Q,6,0) -> 13622400
A61: 22/05/2024 | B61: 1 - Factura A | C61: 2009 | D61: 38025 | E61: =CONCATENATE(H61,C61,D61) -> 30700869918200938025 | F61: 74218948207526 | G61: CUIT | H61: 30700869918 | I61: BUNGE ARGENTINA S A | J61: 1 | K61: $ | L61: 3286800 | M61: 0 | N61: 0 | O61: 0 | P61: 690228 | Q61: 4239972 | R61: =VLOOKUP(E61,'IVA COMPRAS'!L:Q,6,0) -> 4239972
A62: 22/05/2024 | B62: 1 - Factura A | C62: 2009 | D62: 38026 | E62: =CONCATENATE(H62,C62,D62) -> 30700869918200938026 | F62: 74218948217553 | G62: CUIT | H62: 30700869918 | I62: BUNGE ARGENTINA S A | J62: 1 | K62: $ | L62: 3286800 | M62: 0 | N62: 0 | O62: 0 | P62: 690228 | Q62: 4239972 | R62: =VLOOKUP(E62,'IVA COMPRAS'!L:Q,6,0) -> 4239972
A63: 24/05/2024 | B63: 1 - Factura A | C63: 2009 | D63: 38114 | E63: =CONCATENATE(H63,C63,D63) -> 30700869918200938114 | F63: 74218230154494 | G63: CUIT | H63: 30700869918 | I63: BUNGE ARGENTINA S A | J63: 1 | K63: $ | L63: 10824000 | M63: 0 | N63: 0 | O63: 0 | P63: 2273040 | Q63: 13962960 | R63: =VLOOKUP(E63,'IVA COMPRAS'!L:Q,6,0) -> 13962960
A64: 29/05/2024 | B64: 1 - Factura A | C64: 1411 | D64: 6735 | E64: =CONCATENATE(H64,C64,D64) -> 3053774574214116735 | F64: 74222631605390 | G64: CUIT | H64: 30537745742 | I64: CABRALES SA | J64: 1 | K64: $ | L64: 149747.62 | O64: 0 | P64: 31447 | Q64: 188681.99 | R64: =VLOOKUP(E64,'IVA COMPRAS'!L:Q,6,0) -> 188681.99
A65: 14/05/2024 | B65: 1 - Factura A | C65: 1 | D65: 863 | E65: =CONCATENATE(H65,C65,D65) -> 272808246451863 | F65: 74205011423268 | G65: CUIT | H65: 27280824645 | I65: CALDERON ELIZABET LAURA | J65: 1 | K65: $ | L65: 4416000 | M65: 0 | N65: 0 | O65: 0 | P65: 927360 | Q65: 5343360 | R65: =VLOOKUP(E65,'IVA COMPRAS'!L:Q,6,0) -> 5343360
A66: 03/05/2024 | B66: 1 - Factura A | C66: 539 | D66: 40432 | E66: =CONCATENATE(H66,C66,D66) -> 3066319759953940432 | F66: 74189830777640 | G66: CUIT | H66: 30663197599 | I66: CAMPO AUSTRAL SA | J66: 1 | K66: $ | L66: 549623.29 | O66: 0 | P66: 115420.89 | Q66: 676036.65 | R66: =VLOOKUP(E66,'IVA COMPRAS'!L:Q,6,0) -> 676036.66
A67: 10/05/2024 | B67: 1 - Factura A | C67: 539 | D67: 40564 | E67: =CONCATENATE(H67,C67,D67) -> 3066319759953940564 | F67: 74199626279533 | G67: CUIT | H67: 30663197599 | I67: CAMPO AUSTRAL SA | J67: 1 | K67: $ | L67: 757721.9 | O67: 0 | P67: 159121.6 | Q67: 931997.94 | R67: =VLOOKUP(E67,'IVA COMPRAS'!L:Q,6,0) -> 931997.93
A68: 17/05/2024 | B68: 1 - Factura A | C68: 539 | D68: 40730 | E68: =CONCATENATE(H68,C68,D68) -> 3066319759953940730 | F68: 74209432538039 | G68: CUIT | H68: 30663197599 | I68: CAMPO AUSTRAL SA | J68: 1 | K68: $ | L68: 951634.95 | O68: 0 | P68: 199843.34 | Q68: 1170511 | R68: =VLOOKUP(E68,'IVA COMPRAS'!L:Q,6,0) -> 1170511
A69: 27/05/2024 | B69: 1 - Factura A | C69: 539 | D69: 40950 | E69: =CONCATENATE(H69,C69,D69) -> 3066319759953940950 | F69: 74229420243823 | G69: CUIT | H69: 30663197599 | I69: CAMPO AUSTRAL SA | J69: 1 | K69: $ | L69: 759763.48 | O69: 0 | P69: 159550.33 | Q69: 934509.06 | R69: =VLOOKUP(E69,'IVA COMPRAS'!L:Q,6,0) -> 934509.08
A70: 02/05/2024 | B70: 1 - Factura A | C70: 20 | D70: 152753 | E70: =CONCATENATE(H70,C70,D70) -> 3064661852120152753 | F70: 74181661558022 | G70: CUIT | H70: 30646618521 | I70: CASSINI Y CESARATTO S.A. | J70: 1 | K70: $ | L70: 7450417.2 | M70: 0 | N70: 0 | O70: 0 | P70: 1564587.6 | Q70: 9238517.3 | R70: =VLOOKUP(E70,'IVA COMPRAS'!L:Q,6,0) -> 9238517.3
A71: 16/05/2024 | B71: 1 - Factura A | C71: 20 | D71: 153760 | E71: =CONCATENATE(H71,C71,D71) -> 3064661852120153760 | F71: 74201269323244 | G71: CUIT | H71: 30646618521 | I71: CASSINI Y CESARATTO S.A. | J71: 1 | K71: $ | L71: 4889335.7 | M71: 0 | N71: 0 | O71: 0 | P71: 1026760.5 | Q71: 6062776.2 | R71: =VLOOKUP(E71,'IVA COMPRAS'!L:Q,6,0) -> 6062776.2
A72: 29/05/2024 | B72: 3 - Nota de Crédito A | C72: 28 | D72: 951 | E72: =CONCATENATE(H72,C72,D72) -> 3064661852128951 | F72: 74221662371328 | G72: CUIT | H72: 30646618521 | I72: CASSINI Y CESARATTO S.A. | J72: 1 | K72: $ | L72: 195573.43 | M72: 0 | N72: 0 | O72: 0 | P72: 41070.42 | Q72: 236643.85 | R72: =VLOOKUP(E72,'IVA COMPRAS'!L:Q,6,0) -> -236643.85
A73: 09/05/2024 | B73: 1 - Factura A | C73: 1 | D73: 8370 | E73: =CONCATENATE(H73,C73,D73) -> 3071662311018370 | F73: 74190534068618 | G73: CUIT | H73: 30716623110 | I73: CASTELVECCHIO S.A. | J73: 1 | K73: $ | L73: 23049.8 | M73: 0 | N73: 0 | O73: 0 | P73: 2420.23 | Q73: 25470.03 | R73: =VLOOKUP(E73,'IVA COMPRAS'!L:Q,6,0) -> 25470.03
A74: 05/05/2024 | B74: 1 - Factura A | C74: 8279 | D74: 2944 | E74: =CONCATENATE(H74,C74,D74) -> 3059036076382792944 | F74: 74183051563242 | G74: CUIT | H74: 30590360763 | I74: CENCOSUD S A | J74: 1 | K74: $ | L74: 85574.38 | M74: 0 | N74: 0 | O74: 0 | P74: 17970.62 | Q74: 110390.95 | R74: =VLOOKUP(E74,'IVA COMPRAS'!L:Q,6,0) -> 110390.95
A75: 01/05/2024 | B75: 1 - Factura A | C75: 3 | D75: 227267 | E75: =CONCATENATE(H75,C75,D75) -> 307071355963227267 | F75: 74186606234351 | G75: CUIT | H75: 30707135596 | I75: CITILAN ARGENTINA S.A. | J75: 1 | K75: $ | L75: 82021.65 | M75: 0 | N75: 0 | O75: 0 | P75: 17224.55 | Q75: 100886.63 | R75: =VLOOKUP(E75,'IVA COMPRAS'!L:Q,6,0) -> 100886.63
A76: 08/05/2024 | B76: 1 - Factura A | C76: 601 | D76: 262572 | E76: =CONCATENATE(H76,C76,D76) -> 30525390086601262572 | F76: 34176940110276 | G76: CUIT | H76: 30525390086 | I76: COCA COLA FEMSA DE BUENOS AIRES S A | J76: 1 | K76: $ | L76: 3786401.2 | M76: 0 | N76: 0 | O76: 0 | P76: 795144.26 | Q76: 4837880.1 | R76: =VLOOKUP(E76,'IVA COMPRAS'!L:Q,6,0) -> 4837880.1
A77: 08/05/2024 | B77: 1 - Factura A | C77: 601 | D77: 262573 | E77: =CONCATENATE(H77,C77,D77) -> 30525390086601262573 | F77: 34176940110276 | G77: CUIT | H77: 30525390086 | I77: COCA COLA FEMSA DE BUENOS AIRES S A | J77: 1 | K77: $ | L77: 4787965.3 | M77: 0 | N77: 0 | O77: 0 | P77: 1005472.7 | Q77: 6298745.4 | R77: =VLOOKUP(E77,'IVA COMPRAS'!L:Q,6,0) -> 6298745.4
A78: 15/05/2024 | B78: 1 - Factura A | C78: 601 | D78: 262963 | E78: =CONCATENATE(H78,C78,D78) -> 30525390086601262963 | F78: 34176940110276 | G78: CUIT | H78: 30525390086 | I78: COCA COLA FEMSA DE BUENOS AIRES S A | J78: 1 | K78: $ | L78: 1288013.7 | M78: 0 | N78: 0 | O78: 0 | P78: 270482.88 | Q78: 1699490.7 | R78: =VLOOKUP(E78,'IVA COMPRAS'!L:Q,6,0) -> 1699490.7
A79: 22/05/2024 | B79: 1 - Factura A | C79: 601 | D79: 263502 | E79: =CONCATENATE(H79,C79,D79) -> 30525390086601263502 | F79: 34196907007129 | G79: CUIT | H79: 30525390086 | I79: COCA COLA FEMSA DE BUENOS AIRES S A | J79: 1 | K79: $ | L79: 559739.95 | M79: 0 | N79: 0 | O79: 0 | P79: 117545.39 | Q79: 743649.37 | R79: =VLOOKUP(E79,'IVA COMPRAS'!L:Q,6,0) -> 743649.37
A80: 22/05/2024 | B80: 3 - Nota de Crédito A | C80: 603 | D80: 56864 | E80: =CONCATENATE(H80,C80,D80) -> 3052539008660356864 | F80: 34196907007129 | G80: CUIT | H80: 30525390086 | I80: COCA COLA FEMSA DE BUENOS AIRES S A | J80: 1 | K80: $ | L80: 5351.62 | M80: 0 | N80: 0 | O80: 0 | P80: 1123.84 | Q80: -7101.4 | R80: =VLOOKUP(E80,'IVA COMPRAS'!L:Q,6,0) -> #N/A
A81: 23/05/2024 | B81: 1 - Factura A | C81: 601 | D81: 263620 | E81: =CONCATENATE(H81,C81,D81) -> 30525390086601263620 | F81: 34196907007129 | G81: CUIT | H81: 30525390086 | I81: COCA COLA FEMSA DE BUENOS AIRES S A | J81: 1 | K81: $ | L81: 5465598.1 | M81: 0 | N81: 0 | O81: 0 | P81: 1147775.6 | Q81: 7332730.1 | R81: =VLOOKUP(E81,'IVA COMPRAS'!L:Q,6,0) -> 7332730.1
... A94: 31/05/2024 | B94: 1 - Factura A | C94: 46 | D94: 401952 | E94: =CONCATENATE(H94,C94,D94) -> 3053214979346401952 | F94: 34193767198088 | G94: CUIT | H94: 30532149793 | I94: COMPAÑIA ARGENTINA DE LEVADURAS S A I C | J94: 1 | K94: $ | L94: 64978.38 | M94: 0 | N94: 0 | O94: 0 | P94: 13645.46 | Q94: 81872.78 | R94: =VLOOKUP(E94,'IVA COMPRAS'!L:Q,6,0) -> #N/A
A95: 02/05/2024 | B95: 1 - Factura A | C95: 218 | D95: 160955 | E95: =CONCATENATE(H95,C95,D95) -> 30501290323218160955 | F95: 74183710226773 | G95: CUIT | H95: 30501290323 | I95: COMPAÑIA INTRODUCTORA DE BUENOS AIRES S A | J95: 1 | K95: $ | L95: 132196.76 | O95: 0 | P95: 27761.32 | Q95: 170533.81 | R95: =VLOOKUP(E95,'IVA COMPRAS'!L:Q,6,0) -> 170533.81
A96: 02/05/2024 | B96: 1 - Factura A | C96: 218 | D96: 160956 | E96: =CONCATENATE(H96,C96,D96) -> 30501290323218160956 | F96: 74183710228660 | G96: CUIT | H96: 30501290323 | I96: COMPAÑIA INTRODUCTORA DE BUENOS AIRES S A | J96: 1 | K96: $ | L96: 132196.76 | O96: 0 | P96: 27761.32 | Q96: 170533.81 | R96: =VLOOKUP(E96,'IVA COMPRAS'!L:Q,6,0) -> 170533.81
A97: 02/05/2024 | B97: 1 - Factura A | C97: 218 | D97: 160957 | E97: =CONCATENATE(H97,C97,D97) -> 30501290323218160957 | F97: 74183710230602 | G97: CUIT | H97: 30501290323 | I97: COMPAÑIA INTRODUCTORA DE BUENOS AIRES S A | J97: 1 | K97: $ | L97: 2983459.8 | O97: 0 | P97: 626526.55 | Q97: 3848663.1 | R97: =VLOOKUP(E97,'IVA COMPRAS'!L:Q,6,0) -> 3848663.1
A98: 02/05/2024 | B98: 1 - Factura A | C98: 218 | D98: 160954 | E98: =CONCATENATE(H98,C98,D98) -> 30501290323218160954 | F98: 74183710224360 | G98: CUIT | H98: 30501290323 | I98: COMPAÑIA INTRODUCTORA DE BUENOS AIRES S A | J98: 1 | K98: $ | L98: 132196.76 | O98: 0 | P98: 27761.32 | Q98: 170533.81 | R98: =VLOOKUP(E98,'IVA COMPRAS'!L:Q,6,0) -> 170533.81
A99: 09/05/2024 | B99: 1 - Factura A | C99: 218 | D99: 161092 | E99: =CONCATENATE(H99,C99,D99) -> 30501290323218161092 | F99: 74193528863188 | G99: CUIT | H99: 30501290323 | I99: COMPAÑIA INTRODUCTORA DE BUENOS AIRES S A | J99: 1 | K99: $ | L99: 4395523.2 | O99: 0 | P99: 923059.88 | Q99: 5670225 | R99: =VLOOKUP(E99,'IVA COMPRAS'!L:Q,6,0) -> 5670225
A100: 22/05/2024 | B100: 1 - Factura A | C100: 218 | D100: 161345 | E100: =CONCATENATE(H100,C100,D100) -> 30501290323218161345 | F100: 74213901779226 | G100: CUIT | H100: 30501290323 | I100: COMPAÑIA INTRODUCTORA DE BUENOS AIRES S A | J100: 1 | K100: $ | L100: 568526.9 | O100: 0 | P100: 119390.65 | Q100: 733399.71 | R100: =VLOOKUP(E100,'IVA COMPRAS'!L:Q,6,0) -> 733399.71
A101: 22/05/2024 | B101: 1 - Factura A | C101: 218 | D101: 161348 | E101: =CONCATENATE(H101,C101,D101) -> 30501290323218161348 | F101: 74213901782523 | G101: CUIT | H101: 30501290323 | I101: COMPAÑIA INTRODUCTORA DE BUENOS AIRES S A | J101: 1 | K101: $ | L101: 277909.62 | O101: 0 | P101: 58361.02 | Q101: 358503.46 | R101: =VLOOKUP(E101,'IVA COMPRAS'!L:Q,6,0) -> 358503.46
A102: 22/05/2024 | B102: 1 - Factura A | C102: 218 | D102: 161346 | E102: =CONCATENATE(H102,C102,D102) -> 30501290323218161346 | F102: 74213901780398 | G102: CUIT | H102: 30501290323 | I102: COMPAÑIA INTRODUCTORA DE BUENOS AIRES S A | J102: 1 | K102: $ | L102: 3126353 | O102: 0 | P102: 656534.12 | Q102: 4032995.3 | R102: =VLOOKUP(E102,'IVA COMPRAS'!L:Q,6,0) -> 4032995.3
A103: 22/05/2024 | B103: 1 - Factura A | C103: 218 | D103: 161347 | E103: =CONCATENATE(H103,C103,D103) -> 30501290323218161347 | F103: 74213901781404 | G103: CUIT | H103: 30501290323 | I103: COMPAÑIA INTRODUCTORA DE BUENOS AIRES S A | J103: 1 | K103: $ | L103: 2930348.8 | O103: 0 | P103: 615373.25 | Q103: 3780150 | R103: =VLOOKUP(E103,'IVA COMPRAS'!L:Q,6,0) -> 3780150
A104: 27/05/2024 | B104: 3 - Nota de Crédito A | C104: 218 | D104: 27962 | E104: =CONCATENATE(H104,C104,D104) -> 3050129032321827962 | F104: 74223396567250 | G104: CUIT | H104: 30501290323 | I104: COMPAÑIA INTRODUCTORA DE BUENOS AIRES S A | J104: 1 | K104: $ | L104: 264393.52 | O104: 0 | P104: 55522.64 | Q104: 327847.95 | R104: =VLOOKUP(E104,'IVA COMPRAS'!L:Q,6,0) -> -327847.95
A105: 28/05/2024 | B105: 1 - Factura A | C105: 218 | D105: 161470 | E105: =CONCATENATE(H105,C105,D105) -> 30501290323218161470 | F105: 74223552839415 | G105: CUIT | H105: 30501290323 | I105: COMPAÑIA INTRODUCTORA DE BUENOS AIRES S A | J105: 1 | K105: $ | L105: 3389564.7 | O105: 0 | P105: 711808.58 | Q105: 4372538.4 | R105: =VLOOKUP(E105,'IVA COMPRAS'!L:Q,6,0) -> 4372538.4
A106: 28/05/2024 | B106: 1 - Factura A | C106: 218 | D106: 161465 | E106: =CONCATENATE(H106,C106,D106) -> 30501290323218161465 | F106: 74223528213205 | G106: CUIT | H106: 30501290323 | I106: COMPAÑIA INTRODUCTORA DE BUENOS AIRES S A | J106: 1 | K106: $ | L106: 4395523.2 | O106: 0 | P106: 923059.88 | Q106: 5670225 | R106: =VLOOKUP(E106,'IVA COMPRAS'!L:Q,6,0) -> 5670225
A107: 30/05/2024 | B107: 3 - Nota de Crédito A | C107: 218 | D107: 27980 | E107: =CONCATENATE(H107,C107,D107) -> 3050129032321827980 | F107: 74223742396329 | G107: CUIT | H107: 30501290323 | I107: COMPAÑIA INTRODUCTORA DE BUENOS AIRES S A | J107: 1 | K107: $ | L107: 90490.71 | O107: 0 | P107: 19003.05 | Q107: 112208.46 | R107: =VLOOKUP(E107,'IVA COMPRAS'!L:Q,6,0) -> -112208.46
A108: 18/05/2024 | B108: 1 - Factura A | C108: 113 | D108: 3603022 | E108: =CONCATENATE(H108,C108,D108) -> 305772071901133603022 | F108: 74210821950028 | G108: CUIT | H108: 30577207190 | I108: COORDINACION ECOLOGICA AREA METROPOLITANA SOCIEDAD DEL ESTADO | J108: 1 | K108: $ | L108: 4297.52 | M108: 0 | N108: 0 | O108: 0 | P108: 902.48 | Q108: 5414.88 | R108: =VLOOKUP(E108,'IVA COMPRAS'!L:Q,6,0) -> 5414.88
A109: 18/05/2024 | B109: 1 - Factura A | C109: 113 | D109: 3600722 | E109: =CONCATENATE(H109,C109,D109) -> 305772071901133600722 | F109: 74210821705956 | G109: CUIT | H109: 30577207190 | I109: COORDINACION ECOLOGICA AREA METROPOLITANA SOCIEDAD DEL ESTADO | J109: 1 | K109: $ | L109: 826.45 | M109: 0 | N109: 0 | O109: 0 | P109: 173.55 | Q109: 1000 | R109: =VLOOKUP(E109,'IVA COMPRAS'!L:Q,6,0) -> 1000
A110: 18/05/2024 | B110: 1 - Factura A | C110: 113 | D110: 3601978 | E110: =CONCATENATE(H110,C110,D110) -> 305772071901133601978 | F110: 74210821839066 | G110: CUIT | H110: 30577207190 | I110: COORDINACION ECOLOGICA AREA METROPOLITANA SOCIEDAD DEL ESTADO | J110: 1 | K110: $ | L110: 19348.76 | M110: 0 | N110: 0 | O110: 0 | P110: 4063.24 | Q110: 24379.44 | R110: =VLOOKUP(E110,'IVA COMPRAS'!L:Q,6,0) -> 24379.44
A111: 31/05/2024 | B111: 1 - Factura A | C111: 113 | D111: 3630675 | E111: =CONCATENATE(H111,C111,D111) -> 305772071901133630675 | F111: 74230324061808 | G111: CUIT | H111: 30577207190 | I111: COORDINACION ECOLOGICA AREA METROPOLITANA SOCIEDAD DEL ESTADO | J111: 1 | K111: $ | L111: 826.45 | M111: 0 | N111: 0 | O111: 0 | P111: 173.55 | Q111: 1000 | R111: =VLOOKUP(E111,'IVA COMPRAS'!L:Q,6,0) -> 1000
A112: 31/05/2024 | B112: 1 - Factura A | C112: 113 | D112: 3631609 | E112: =CONCATENATE(H112,C112,D112) -> 305772071901133631609 | F112: 74230324163470 | G112: CUIT | H112: 30577207190 | I112: COORDINACION ECOLOGICA AREA METROPOLITANA SOCIEDAD DEL ESTADO | J112: 1 | K112: $ | L112: 30092.56 | M112: 0 | N112: 0 | O112: 0 | P112: 6319.44 | Q112: 37916.63 | R112: =VLOOKUP(E112,'IVA COMPRAS'!L:Q,6,0) -> 37916.63
A113: 31/05/2024 | B113: 1 - Factura A | C113: 113 | D113: 3632455 | E113: =CONCATENATE(H113,C113,D113) -> 305772071901133632455 | F113: 74230324255557 | G113: CUIT | H113: 30577207190 | I113: COORDINACION ECOLOGICA AREA METROPOLITANA SOCIEDAD DEL ESTADO | J113: 1 | K113: $ | L113: 6446.28 | M113: 0 | N113: 0 | O113: 0 | P113: 1353.72 | Q113: 8122.32 | R113: =VLOOKUP(E113,'IVA COMPRAS'!L:Q,6,0) -> 8122.32
A114: 08/05/2024 | B114: 1 - Factura A | C114: 700 | D114: 1665693 | E114: =CONCATENATE(H114,C114,D114) -> 307158048127001665693 | F114: 74192427901548 | G114: CUIT | H114: 30715804812 | I114: CORREDORES VIALES SOCIEDAD ANONIMA | J114: 1 | K114: $ | L114: 5289.26 | M114: 0 | N114: 0 | O114: 0 | P114: 1110.74 | Q114: 6664.46 | R114: =VLOOKUP(E114,'IVA COMPRAS'!L:Q,6,0) -> 6664.46
A115: 08/05/2024 | B115: 1 - Factura A | C115: 700 | D115: 1649549 | E115: =CONCATENATE(H115,C115,D115) -> 307158048127001649549 | F115: 74192423908787 | G115: CUIT | H115: 30715804812 | I115: CORREDORES VIALES SOCIEDAD ANONIMA | J115: 1 | K115: $ | L115: 2809.92 | M115: 0 | N115: 0 | O115: 0 | P115: 590.08 | Q115: 3400 | R115: =VLOOKUP(E115,'IVA COMPRAS'!L:Q,6,0) -> 3400
A116: 08/05/2024 | B116: 1 - Factura A | C116: 700 | D116: 1649798 | E116: =CONCATENATE(H116,C116,D116) -> 307158048127001649798 | F116: 74192423986409 | G116: CUIT | H116: 30715804812 | I116: CORREDORES VIALES SOCIEDAD ANONIMA | J116: 1 | K116: $ | L116: 991.73 | M116: 0 | N116: 0 | O116: 0 | P116: 208.27 | Q116: 1200 | R116: =VLOOKUP(E116,'IVA COMPRAS'!L:Q,6,0) -> 1200
A117: 22/05/2024 | B117: 1 - Factura A | C117: 700 | D117: 1696873 | E117: =CONCATENATE(H117,C117,D117) -> 307158048127001696873 | F117: 74212115786165 | G117: CUIT | H117: 30715804812 | I117: CORREDORES VIALES SOCIEDAD ANONIMA | J117: 1 | K117: $ | L117: 13636.36 | M117: 0 | N117: 0 | O117: 0 | P117: 2863.64 | Q117: 17181.82 | R117: =VLOOKUP(E117,'IVA COMPRAS'!L:Q,6,0) -> 17181.82
A118: 22/05/2024 | B118: 1 - Factura A | C118: 700 | D118: 1679354 | E118: =CONCATENATE(H118,C118,D118) -> 307158048127001679354 | F118: 74212114680959 | G118: CUIT | H118: 30715804812 | I118: CORREDORES VIALES SOCIEDAD ANONIMA | J118: 1 | K118: $ | L118: 6446.28 | M118: 0 | N118: 0 | O118: 0 | P118: 1353.72 | Q118: 8122.32 | R118: =VLOOKUP(E118,'IVA COMPRAS'!L:Q,6,0) -> 8122.32
A119: 04/05/2024 | B119: 1 - Factura A | C119: 3 | D119: 3588 | E119: =CONCATENATE(H119,C119,D119) -> 3071683826533588 | F119: 74185932538403 | G119: CUIT | H119: 30716838265 | I119: CORRUGADOS CHACABUCO | J119: 1 | K119: $ | L119: 2349270 | M119: 0 | N119: 0 | O119: 0 | P119: 493346.7 | Q119: 2842616.7 | R119: =VLOOKUP(E119,'IVA COMPRAS'!L:Q,6,0) -> 2842616.7
... A129: 06/05/2024 | B129: 1 - Factura A | C129: 2038 | D129: 71052 | E129: =CONCATENATE(H129,C129,D129) -> 30516186670203871052 | F129: 74190169128405 | G129: CUIT | H129: 30516186670 | I129: DEHEZA SOCIEDAD ANONIMA INDUSTRIAL COMERCIAL FINANCIERA INMOBILIARIA | J129: 1 | K129: $ | L129: 70070.78 | M129: 0 | N129: 0 | O129: 0 | P129: 14714.86 | Q129: 96910.85 | R129: =VLOOKUP(E129,'IVA COMPRAS'!L:Q,6,0) -> #N/A
A130: 02/05/2024 | B130: 11 - Factura C | C130: 2 | D130: 311 | E130: =CONCATENATE(H130,C130,D130) -> 272069414192311 | F130: 74189711692191 | G130: CUIT | H130: 27206941419 | I130: DOBARRO PAULA MARCELA | J130: 1 | K130: $ | O130: 0 | Q130: 150000 | R130: =VLOOKUP(E130,'IVA COMPRAS'!L:Q,6,0) -> 150000
A131: 07/05/2024 | B131: 2 - Nota de Débito A | C131: 10 | D131: 3248 | E131: =CONCATENATE(H131,C131,D131) -> 30642219355103248 | F131: 74195275571024 | G131: CUIT | H131: 30642219355 | I131: DULFIX SA | J131: 1 | K131: $ | L131: 4940.62 | M131: 0 | N131: 0 | O131: 0 | P131: 1037.53 | Q131: 6373.42 | R131: =VLOOKUP(E131,'IVA COMPRAS'!L:Q,6,0) -> 6373.42
A132: 13/05/2024 | B132: 3 - Nota de Crédito A | C132: 10 | D132: 52763 | E132: =CONCATENATE(H132,C132,D132) -> 306422193551052763 | F132: 74205934664992 | G132: CUIT | H132: 30642219355 | I132: DULFIX SA | J132: 1 | K132: $ | L132: 851749.81 | M132: 0 | N132: 0 | O132: 0 | P132: 178867.46 | Q132: 1030617.3 | R132: =VLOOKUP(E132,'IVA COMPRAS'!L:Q,6,0) -> -1030617.3
A133: 27/05/2024 | B133: 1 - Factura A | C133: 10 | D133: 154675 | E133: =CONCATENATE(H133,C133,D133) -> 3064221935510154675 | F133: 74225376663893 | G133: CUIT | H133: 30642219355 | I133: DULFIX SA | J133: 1 | K133: $ | L133: 2091002.5 | M133: 0 | N133: 0 | O133: 0 | P133: 439110.53 | Q133: 2697393.2 | R133: =VLOOKUP(E133,'IVA COMPRAS'!L:Q,6,0) -> 0.65
A134: 02/05/2024 | B134: 1 - Factura A | C134: 1001 | D134: 235420 | E134: =CONCATENATE(H134,C134,D134) -> 305866115221001235420 | F134: 74182699920642 | G134: CUIT | H134: 30586611522 | I134: ERNESTO RODRIGUEZ E HIJOS SA | J134: 1 | K134: $ | L134: 6686900 | N134: 0 | O134: 0 | P134: 1404249 | Q134: 8626101 | R134: =VLOOKUP(E134,'IVA COMPRAS'!L:Q,6,0) -> 8626101
A135: 02/05/2024 | B135: 1 - Factura A | C135: 1001 | D135: 235421 | E135: =CONCATENATE(H135,C135,D135) -> 305866115221001235421 | F135: 74182699921643 | G135: CUIT | H135: 30586611522 | I135: ERNESTO RODRIGUEZ E HIJOS SA | J135: 1 | K135: $ | L135: 1774364 | N135: 0 | O135: 0 | P135: 372616.44 | Q135: 2288929.6 | R135: =VLOOKUP(E135,'IVA COMPRAS'!L:Q,6,0) -> 2288929.6
A136: 07/05/2024 | B136: 1 - Factura A | C136: 1001 | D136: 235600 | E136: =CONCATENATE(H136,C136,D136) -> 305866115221001235600 | F136: 74192262067274 | G136: CUIT | H136: 30586611522 | I136: ERNESTO RODRIGUEZ E HIJOS SA | J136: 1 | K136: $ | L136: 1812720 | N136: 0 | O136: 0 | P136: 380671.2 | Q136: 2338408.8 | R136: =VLOOKUP(E136,'IVA COMPRAS'!L:Q,6,0) -> 2338408.8
A137: 08/05/2024 | B137: 1 - Factura A | C137: 1001 | D137: 235628 | E137: =CONCATENATE(H137,C137,D137) -> 305866115221001235628 | F137: 74192355246118 | G137: CUIT | H137: 30586611522 | I137: ERNESTO RODRIGUEZ E HIJOS SA | J137: 1 | K137: $ | L137: 7021200 | N137: 0 | O137: 0 | P137: 1474452 | Q137: 9057348 | R137: =VLOOKUP(E137,'IVA COMPRAS'!L:Q,6,0) -> 9057348
A138: 15/05/2024 | B138: 1 - Factura A | C138: 1001 | D138: 235954 | E138: =CONCATENATE(H138,C138,D138) -> 305866115221001235954 | F138: 74202126369581 | G138: CUIT | H138: 30586611522 | I138: ERNESTO RODRIGUEZ E HIJOS SA | J138: 1 | K138: $ | L138: 11512278 | N138: 0 | O138: 0 | P138: 2417578.4 | Q138: 14850839 | R138: =VLOOKUP(E138,'IVA COMPRAS'!L:Q,6,0) -> 14850839
A139: 21/05/2024 | B139: 1 - Factura A | C139: 1001 | D139: 236270 | E139: =CONCATENATE(H139,C139,D139) -> 305866115221001236270 | F139: 74212796385815 | G139: CUIT | H139: 30586611522 | I139: ERNESTO RODRIGUEZ E HIJOS SA | J139: 1 | K139: $ | L139: 7021200 | N139: 0 | O139: 0 | P139: 1474452 | Q139: 9057348 | R139: =VLOOKUP(E139,'IVA COMPRAS'!L:Q,6,0) -> 9057348
A140: 31/05/2024 | B140: 1 - Factura A | C140: 2 | D140: 39880 | E140: =CONCATENATE(H140,C140,D140) -> 30582634021239880 | F140: 74221847738421 | G140: CUIT | H140: 30582634021 | I140: ESTABLECIMIENTO ORLOC SOCIEDAD RESPONSABILIDAD LIMITADA | J140: 1 | K140: $ | L140: 2054430 | M140: 0 | N140: 0 | O140: 0 | P140: 431430.3 | Q140: 2650214.7 | R140: =VLOOKUP(E140,'IVA COMPRAS'!L:Q,6,0) -> 2650214.7
A141: 31/05/2024 | B141: 1 - Factura A | C141: 5 | D141: 7178 | E141: =CONCATENATE(H141,C141,D141) -> 3071523129457178 | F141: 74224903512440 | G141: CUIT | H141: 30715231294 | I141: ESTUDIO IACONA | J141: 1 | K141: $ | L141: 389100 | M141: 0 | N141: 88400 | O141: 0 | P141: 81711 | Q141: 559211 | R141: =VLOOKUP(E141,'IVA COMPRAS'!L:Q,6,0) -> #N/A
A142: 31/05/2024 | B142: 3 - Nota de Crédito A | C142: 5 | D142: 750 | E142: =CONCATENATE(H142,C142,D142) -> 307152312945750 | F142: 74224913527320 | G142: CUIT | H142: 30715231294 | I142: ESTUDIO IACONA | J142: 1 | K142: $ | L142: 389100 | M142: 0 | N142: 88400 | O142: 0 | P142: 81711 | Q142: -559211 | R142: =VLOOKUP(E142,'IVA COMPRAS'!L:Q,6,0) -> #N/A
A143: 28/05/2024 | B143: 1 - Factura A | C143: 3 | D143: 5267 | E143: =CONCATENATE(H143,C143,D143) -> 3371419199935267 | F143: 74229564817807 | G143: CUIT | H143: 33714191999 | I143: FAINAX S.A. | J143: 1 | K143: $ | L143: 669850 | M143: 0 | N143: 0 | O143: 0 | P143: 140668.5 | Q143: 810518.5 | R143: =VLOOKUP(E143,'IVA COMPRAS'!L:Q,6,0) -> 810518.5
A144: 02/05/2024 | B144: 1 - Factura A | C144: 5 | D144: 951 | E144: =CONCATENATE(H144,C144,D144) -> 307095717175951 | F144: 74187658232037 | G144: CUIT | H144: 30709571717 | I144: FINCA DE SANTIAGO SA | J144: 1 | K144: $ | L144: 19433554 | M144: 0 | N144: 0 | O144: 0 | P144: 4081046.3 | Q144: 23514600 | R144: =VLOOKUP(E144,'IVA COMPRAS'!L:Q,6,0) -> 23514600
A145: 02/05/2024 | B145: 3 - Nota de Crédito A | C145: 5 | D145: 248 | E145: =CONCATENATE(H145,C145,D145) -> 307095717175248 | F145: 74187664940766 | G145: CUIT | H145: 30709571717 | I145: FINCA DE SANTIAGO SA | J145: 1 | K145: $ | L145: 684297.52 | M145: 0 | N145: 0 | O145: 0 | P145: 143702.48 | Q145: 828000 | R145: =VLOOKUP(E145,'IVA COMPRAS'!L:Q,6,0) -> -828000
A146: 10/05/2024 | B146: 3 - Nota de Crédito A | C146: 5 | D146: 250 | E146: =CONCATENATE(H146,C146,D146) -> 307095717175250 | F146: 74197663663431 | G146: CUIT | H146: 30709571717 | I146: FINCA DE SANTIAGO SA | J146: 1 | K146: $ | L146: 69600 | M146: 0 | N146: 0 | O146: 0 | P146: 14616 | Q146: 84216 | R146: =VLOOKUP(E146,'IVA COMPRAS'!L:Q,6,0) -> -84216
A147: 13/05/2024 | B147: 3 - Nota de Crédito A | C147: 5 | D147: 251 | E147: =CONCATENATE(H147,C147,D147) -> 307095717175251 | F147: 74207928529875 | G147: CUIT | H147: 30709571717 | I147: FINCA DE SANTIAGO SA | J147: 1 | K147: $ | L147: 101152.01 | M147: 0 | N147: 0 | O147: 0 | P147: 21241.92 | Q147: 122393.93 | R147: =VLOOKUP(E147,'IVA COMPRAS'!L:Q,6,0) -> -122393.93
A148: 03/05/2024 | B148: 1 - Factura A | C148: 2 | D148: 5375 | E148: =CONCATENATE(H148,C148,D148) -> 3071131140425375 | F148: 74184846821207 | G148: CUIT | H148: 30711311404 | I148: FOX- TEX S.A | J148: 1 | K148: $ | L148: 9042000 | M148: 0 | N148: 0 | O148: 0 | P148: 1898820 | Q148: 10940820 | R148: =VLOOKUP(E148,'IVA COMPRAS'!L:Q,6,0) -> 10940820
A149: 03/05/2024 | B149: 3 - Nota de Crédito A | C149: 2 | D149: 411 | E149: =CONCATENATE(H149,C149,D149) -> 307113114042411 | F149: 74184847829167 | G149: CUIT | H149: 30711311404 | I149: FOX- TEX S.A | J149: 1 | K149: $ | L149: 361680 | M149: 0 | N149: 0 | O149: 0 | P149: 75952.8 | Q149: 437632.8 | R149: =VLOOKUP(E149,'IVA COMPRAS'!L:Q,6,0) -> -437632.8
A150: 07/05/2024 | B150: 1 - Factura A | C150: 14 | D150: 66144 | E150: =CONCATENATE(H150,C150,D150) -> 306026087901466144 | F150: 74190293483779 | G150: CUIT | H150: 30602608790 | I150: FRADEALCO S A | J150: 1 | K150: $ | L150: 950170.19 | M150: 0 | N150: 0 | O150: 0 | P150: 199535.74 | Q150: 1201965.3 | R150: =VLOOKUP(E150,'IVA COMPRAS'!L:Q,6,0) -> 1201965.3
...

Sheet Hoja3
