Workbook

Sheet IVA COMPRAS
A1: FECHA_EMI | B1: COD_PROVE | C1: NOM_PROVE | D1: COND_IVA | E1: IDENTIFTRI | F1: N_INTERNO | G1: T_COMP | H1: N_COMP | I1: =MID(H1,2,5) -> _COMP | J1: =RIGHT(H1,8) -> N_COMP | K1: GUIA | L1: PORC_IVA | M1: IMP_EXENTO | N1: IMP_NETO | O1: IMP_IVA | P1: IMP_TOTAL | Q1: N_ING_BRU | R1: OTROSIMP
A2: 45322 | B2: RIO | C2: BANCO SANTANDER RIO | D2: RI | E2: 30500008454 | F2: 12654 | G2: FAC | H2: 00202431012024 | I2: 2024 | J2: 31012024 | K2: =CONCATENATE(E2,I2,J2) -> 30500008454202431012024 | L2: 21 | M2: 259 | N2: 47077.28 | O2: 3586.17 | P2: 54672.48 | R2: 600.01 | S2: =VLOOKUP(K2,'MIS COMPROBANTES'!E:Q,13,FALSE) -> #N/A
A3: 45322 | B3: RIO | C3: BANCO SANTANDER RIO | D3: RI | E3: 30500008454 | F3: 12654 | G3: FAC | H3: 00202431012024 | I3: 2024 | J3: 31012024 | K3: =CONCATENATE(E3,I3,J3) -> 30500008454202431012024 | L3: 10.5 | M3: 0 | N3: 0 | O3: 3150.02 | P3: 0 | R3: 0 | S3: =VLOOKUP(K3,'MIS COMPROBANTES'!E:Q,13,FALSE) -> #N/A
A4: 45322 | B4: COMAFI | C4: BANCO COMAFI SOCIEDAD ANONIMA | D4: RI | E4: 30604731018 | F4: 12655 | G4: FAC | H4: 00202431012024 | I4: 2024 | J4: 31012024 | K4: =CONCATENATE(E4,I4,J4) -> 30604731018202431012024 | L4: 21 | M4: 259 | N4: 47077.28 | O4: 3586.17 | P4: 54672.48 | R4: 600.01 | S4: =VLOOKUP(K4,'MIS COMPROBANTES'!E:Q,13,FALSE) -> #N/A
A5: 45322 | B5: COMAFI | C5: BANCO COMAFI SOCIEDAD ANONIMA | D5: RI | E5: 30604731018 | F5: 12655 | G5: FAC | H5: 00202431012024 | I5: 2024 | J5: 31012024 | K5: =CONCATENATE(E5,I5,J5) -> 30604731018202431012024 | L5: 10.5 | M5: 0 | N5: 0 | O5: 3150.02 | P5: 0 | R5: 0 | S5: =VLOOKUP(K5,'MIS COMPROBANTES'!E:Q,13,FALSE) -> #N/A
A6: 45415 | B6: QUESER | C6: QUESERIA Y FIAMBRERIA DON ANGEL S.A. | D6: RI | E6: 30711758034 | F6: 12710 | G6: FAC | H6: A0001000022865 | I6: 10 | J6: 22865 | K6: =CONCATENATE(E6,I6,J6) -> 307117580341022865 | L6: 21 | M6: 0 | N6: 34736.88 | O6: 2463.61 | P6: 40310.79 | R6: 694.73 | S6: =VLOOKUP(K6,'MIS COMPROBANTES'!E:Q,13,FALSE) -> #N/A
A7: 45415 | B7: QUESER | C7: QUESERIA Y FIAMBRERIA DON ANGEL S.A. | D7: RI | E7: 30711758034 | F7: 12710 | G7: FAC | H7: A0001000022865 | I7: 10 | J7: 22865 | K7: =CONCATENATE(E7,I7,J7) -> 307117580341022865 | L7: 10.5 | M7: 0 | N7: 0 | O7: 2415.57 | P7: 0 | R7: 0 | S7: =VLOOKUP(K7,'MIS COMPROBANTES'!E:Q,13,FALSE) -> #N/A
A8: 45421 | B8: QUESER | C8: QUESERIA Y FIAMBRERIA DON ANGEL S.A. | D8: RI | E8: 30711758034 | F8: 12712 | G8: FAC | H8: A0001000023031 | I8: 10 | J8: 23031 | K8: =CONCATENATE(E8,I8,J8) -> 307117580341023031 | L8: 21 | M8: 0 | N8: 41724.12 | O8: 4731.97 | P8: 49305.62 | R8: 834.48 | S8: =VLOOKUP(K8,'MIS COMPROBANTES'!E:Q,13,FALSE) -> #N/A
A9: 45421 | B9: QUESER | C9: QUESERIA Y FIAMBRERIA DON ANGEL S.A. | D9: RI | E9: 30711758034 | F9: 12712 | G9: FAC | H9: A0001000023031 | I9: 10 | J9: 23031 | K9: =CONCATENATE(E9,I9,J9) -> 307117580341023031 | L9: 10.5 | M9: 0 | N9: 0 | O9: 2015.05 | P9: 0 | R9: 0 | S9: =VLOOKUP(K9,'MIS COMPROBANTES'!E:Q,13,FALSE) -> #N/A
A10: 45426 | B10: QUESER | C10: QUESERIA Y FIAMBRERIA DON ANGEL S.A. | D10: RI | E10: 30711758034 | F10: 12713 | G10: FAC | H10: A0001000023189 | I10: 10 | J10: 23189 | K10: =CONCATENATE(E10,I10,J10) -> 307117580341023189 | L10: 21 | M10: 0 | N10: 28160.06 | O10: 2465.17 | P10: 32912.65 | R10: 563.2 | S10: =VLOOKUP(K10,'MIS COMPROBANTES'!E:Q,13,FALSE) -> #N/A
A11: 45426 | B11: QUESER | C11: QUESERIA Y FIAMBRERIA DON ANGEL S.A. | D11: RI | E11: 30711758034 | F11: 12713 | G11: FAC | H11: A0001000023189 | I11: 10 | J11: 23189 | K11: =CONCATENATE(E11,I11,J11) -> 307117580341023189 | L11: 10.5 | M11: 0 | N11: 0 | O11: 1724.22 | P11: 0 | R11: 0 | S11: =VLOOKUP(K11,'MIS COMPROBANTES'!E:Q,13,FALSE) -> #N/A
A12: 45428 | B12: QUESER | C12: QUESERIA Y FIAMBRERIA DON ANGEL S.A. | D12: RI | E12: 30711758034 | F12: 12711 | G12: FAC | H12: A0001000023258 | I12: 10 | J12: 23258 | K12: =CONCATENATE(E12,I12,J12) -> 307117580341023258 | L12: 21 | M12: 0 | N12: 17269.15 | O12: 1166.01 | P12: 20010.8 | R12: 345.38 | S12: =VLOOKUP(K12,'MIS COMPROBANTES'!E:Q,13,FALSE) -> #N/A
A13: 45428 | B13: QUESER | C13: QUESERIA Y FIAMBRERIA DON ANGEL S.A. | D13: RI | E13: 30711758034 | F13: 12711 | G13: FAC | H13: A0001000023258 | I13: 10 | J13: 23258 | K13: =CONCATENATE(E13,I13,J13) -> 307117580341023258 | L13: 10.5 | M13: 0 | N13: 0 | O13: 1230.26 | P13: 0 | R13: 0 | S13: =VLOOKUP(K13,'MIS COMPROBANTES'!E:Q,13,FALSE) -> #N/A
... A15: 45442 | B15: TREGAR | C15: GARCIA HERMANOS AGROINDUSTRIAL SRL | D15: RI | E15: 30566108352 | F15: 12705 | G15: N/C | H15: A0013500224140 | I15: 135 | J15: 224140 | K15: =CONCATENATE(E15,I15,J15) -> 30566108352135224140 | L15: 21 | M15: 0 | N15: -143592.73 | O15: -30154.47 | P15: -173747.2 | R15: 0 | S15: =VLOOKUP(K15,'MIS COMPROBANTES'!E:Q,13,FALSE) -> #N/A
A16: 45444 | B16: ANURA | C16: CITILAN ARGENTINA S.A. | D16: RI | E16: 30707135596 | F16: 12671 | G16: FAC | H16: A0000300228947 | I16: 3 | J16: 228947 | K16: =CONCATENATE(E16,I16,J16) -> 307071355963228947 | L16: 21 | M16: 0 | N16: 82978.84 | O16: 17425.56 | P16: 102063.98 | Q16: 901-543720-4 | R16: 1659.58 | S16: =VLOOKUP(K16,'MIS COMPROBANTES'!E:Q,13,FALSE) -> 102063.98
A17: 45444 | B17: ZURICH | C17: ZURICH ASEGURADORA ARGENTINA S.A | D17: RI | E17: 30500036393 | F17: 12790 | G17: FAC | H17: A0000400285921 | I17: 4 | J17: 285921 | K17: =CONCATENATE(E17,I17,J17) -> 305000363934285921 | L17: 21 | M17: 70179.77 | N17: 1867931.5 | O17: 392265.61 | P17: 2423773.4 | R17: 37358.63 | S17: =VLOOKUP(K17,'MIS COMPROBANTES'!E:Q,13,FALSE) -> #N/A
A18: 45444 | B18: ZURICH | C18: ZURICH ASEGURADORA ARGENTINA S.A | D18: RI | E18: 30500036393 | F18: 12790 | G18: FAC | H18: A0000400285921 | I18: 4 | J18: 285921 | K18: =CONCATENATE(E18,I18,J18) -> 305000363934285921 | L18: 3 | M18: 0 | N18: 0 | O18: 56037.94 | P18: 0 | R18: 0 | S18: =VLOOKUP(K18,'MIS COMPROBANTES'!E:Q,13,FALSE) -> #N/A
A19: 45444 | B19: VERO | C19: VERONICA S.A.C.I.A.F.e.I. | D19: RI | E19: 30500979824 | F19: 12263 | G19: FAC | H19: A0004300297442 | I19: 43 | J19: 297442 | K19: =CONCATENATE(E19,I19,J19) -> 3050097982443297442 | L19: 21 | M19: 0 | N19: 1441217.3 | O19: 302655.64 | P19: 1851964.3 | Q19: 30-50097982-4 | R19: 64854.78 | S19: =VLOOKUP(K19,'MIS COMPROBANTES'!E:Q,13,FALSE) -> 1851964.3
A20: 45444 | B20: VERO | C20: VERONICA S.A.C.I.A.F.e.I. | D20: RI | E20: 30500979824 | F20: 12263 | G20: FAC | H20: A0004300297442 | I20: 43 | J20: 297442 | K20: =CONCATENATE(E20,I20,J20) -> 3050097982443297442 | L20: 3 | M20: 0 | N20: 0 | O20: 43236.52 | P20: 0 | Q20: 30-50097982-4 | R20: 0 | S20: =VLOOKUP(K20,'MIS COMPROBANTES'!E:Q,13,FALSE) -> 1851964.3
A21: 45444 | B21: MIL | C21: MILKAUT S.A. | D21: RI | E21: 30682032630 | F21: 12264 | G21: FAC | H21: A0062200283753 | I21: 622 | J21: 283753 | K21: =CONCATENATE(E21,I21,J21) -> 30682032630622283753 | L21: 21 | M21: 0 | N21: 1533727.1 | O21: 322082.7 | P21: 1970839.4 | R21: 69017.72 | S21: =VLOOKUP(K21,'MIS COMPROBANTES'!E:Q,13,FALSE) -> 1970839.4
A22: 45444 | B22: MIL | C22: MILKAUT S.A. | D22: RI | E22: 30682032630 | F22: 12264 | G22: FAC | H22: A0062200283753 | I22: 622 | J22: 283753 | K22: =CONCATENATE(E22,I22,J22) -> 30682032630622283753 | L22: 3 | M22: 0 | N22: 0 | O22: 46011.81 | P22: 0 | R22: 0 | S22: =VLOOKUP(K22,'MIS COMPROBANTES'!E:Q,13,FALSE) -> 1970839.4
A23: 45444 | B23: CLARO | C23: AMX ARGENTINA SOCIEDAD ANONIMA | D23: RI | E23: 30663288497 | F23: 12663 | G23: FAC | H23: A0132601005423 | I23: 1326 | J23: 1005423 | K23: =CONCATENATE(E23,I23,J23) -> 3066328849713261005423 | L23: 21 | M23: 0 | N23: 23510 | O23: 4895.1 | P23: 29634.6 | R23: 470.2 | S23: =VLOOKUP(K23,'MIS COMPROBANTES'!E:Q,13,FALSE) -> 29634.6
A24: 45444 | B24: CLARO | C24: AMX ARGENTINA SOCIEDAD ANONIMA | D24: RI | E24: 30663288497 | F24: 12663 | G24: FAC | H24: A0132601005423 | I24: 1326 | J24: 1005423 | K24: =CONCATENATE(E24,I24,J24) -> 3066328849713261005423 | L24: 27 | M24: 0 | N24: 0 | O24: 54 | P24: 0 | R24: 0 | S24: =VLOOKUP(K24,'MIS COMPROBANTES'!E:Q,13,FALSE) -> 29634.6
A25: 45444 | B25: CLARO | C25: AMX ARGENTINA SOCIEDAD ANONIMA | D25: RI | E25: 30663288497 | F25: 12663 | G25: FAC | H25: A0132601005423 | I25: 1326 | J25: 1005423 | K25: =CONCATENATE(E25,I25,J25) -> 3066328849713261005423 | L25: 3 | M25: 0 | N25: 0 | O25: 705.3 | P25: 0 | R25: 0 | S25: =VLOOKUP(K25,'MIS COMPROBANTES'!E:Q,13,FALSE) -> 29634.6
A26: 45444 | B26: BUN | C26: BUNGE ARGENTINA S.A. | D26: RI | E26: 30700869918 | F26: 12158 | G26: N/C | H26: A0200900006273 | I26: 2009 | J26: 6273 | K26: =CONCATENATE(E26,I26,J26) -> 3070086991820096273 | L26: 21 | M26: 0 | N26: -164000 | O26: -34440 | P26: -198440 | R26: 0 | S26: =VLOOKUP(K26,'MIS COMPROBANTES'!E:Q,13,FALSE) -> 198440
A27: 45444 | B27: MASTEL | C27: MASTELLONE HNOS S A | D27: RI | E27: 30547242331 | F27: 11279 | G27: N/C | H27: A0615602449724 | I27: 6156 | J27: 2449724 | K27: =CONCATENATE(E27,I27,J27) -> 3054724233161562449724 | L27: 21 | M27: 0 | N27: -1439.7 | O27: -302.34 | P27: -1742.04 | R27: 0 | S27: =VLOOKUP(K27,'MIS COMPROBANTES'!E:Q,13,FALSE) -> #N/A
A28: 45445 | B28: OMINT | C28: OMINT S.A. | D28: RI | E28: 30550245309 | F28: 12335 | G28: FAC | H28: A0002101125131 | I28: 21 | J28: 1125131 | K28: =CONCATENATE(E28,I28,J28) -> 30550245309211125131 | L28: 10.5 | M28: 0 | N28: 2226154.6 | O28: 233600.24 | P28: 2560223.8 | R28: 100176.96 | S28: =VLOOKUP(K28,'MIS COMPROBANTES'!E:Q,13,FALSE) -> 2560223.8
A29: 45445 | B29: OMINT | C29: OMINT S.A. | D29: RI | E29: 30550245309 | F29: 12335 | G29: FAC | H29: A0002101125131 | I29: 21 | J29: 1125131 | K29: =CONCATENATE(E29,I29,J29) -> 30550245309211125131 | L29: 21 | M29: 0 | N29: 0 | O29: 292 | P29: 0 | R29: 0 | S29: =VLOOKUP(K29,'MIS COMPROBANTES'!E:Q,13,FALSE) -> 2560223.8
A30: 45446 | B30: RIO | C30: BANCO SANTANDER RIO | D30: RI | E30: 30500008454 | F30: 12652 | G30: FAC | H30: 00202410102094 | I30: 2024 | J30: 10102094 | K30: =CONCATENATE(E30,I30,J30) -> 30500008454202410102094 | L30: 10.5 | M30: 21732102 | N30: 1249313.3 | O30: 131177.89 | P30: 23156319 | R30: 24986.27 | S30: =VLOOKUP(K30,'MIS COMPROBANTES'!E:Q,13,FALSE) -> #N/A
A31: 45446 | B31: RIO | C31: BANCO SANTANDER RIO | D31: RI | E31: 30500008454 | F31: 12652 | G31: FAC | H31: 00202410102094 | I31: 2024 | J31: 10102094 | K31: =CONCATENATE(E31,I31,J31) -> 30500008454202410102094 | L31: 1.5 | M31: 0 | N31: 0 | O31: 18739.7 | P31: 0 | R31: 0 | S31: =VLOOKUP(K31,'MIS COMPROBANTES'!E:Q,13,FALSE) -> #N/A
A32: 45446 | B32: COMAFI | C32: BANCO COMAFI SOCIEDAD ANONIMA | D32: RI | E32: 30604731018 | F32: 12384 | G32: FAC | H32: 00202433218951 | I32: 2024 | J32: 33218951 | K32: =CONCATENATE(E32,I32,J32) -> 30604731018202433218951 | L32: 10.5 | M32: 1630101.9 | N32: 1270547.9 | O32: 133407.53 | P32: 3078526.5 | R32: 25410.96 | S32: =VLOOKUP(K32,'MIS COMPROBANTES'!E:Q,13,FALSE) -> #N/A
... A64: 45447 | B64: GILBAR | C64: GILBAR COMBUSTIBLES S.A. | D64: RI | E64: 30712201467 | F64: 12331 | G64: FAC | H64: A0000600014199 | I64: 6 | J64: 14199 | K64: =CONCATENATE(E64,I64,J64) -> 30712201467614199 | L64: 21 | M64: 12624.2 | N64: 86267.61 | O64: 18116.2 | P64: 117008.01 | R64: 0 | S64: =VLOOKUP(K64,'MIS COMPROBANTES'!E:Q,13,FALSE) -> #N/A
A65: 45447 | B65: LODI | C65: LODISER S.A. | D65: RI | E65: 30707059806 | F65: 12265 | G65: FAC | H65: A0009100245410 | I65: 91 | J65: 245410 | K65: =CONCATENATE(E65,I65,J65) -> 3070705980691245410 | L65: 21 | M65: 0 | N65: 3750000 | O65: 787500 | P65: 4818750 | Q65: 901-039988-2 | R65: 168750 | S65: =VLOOKUP(K65,'MIS COMPROBANTES'!E:Q,13,FALSE) -> 4818750
A66: 45447 | B66: LODI | C66: LODISER S.A. | D66: RI | E66: 30707059806 | F66: 12265 | G66: FAC | H66: A0009100245410 | I66: 91 | J66: 245410 | K66: =CONCATENATE(E66,I66,J66) -> 3070705980691245410 | L66: 3 | M66: 0 | N66: 0 | O66: 112500 | P66: 0 | Q66: 901-039988-2 | R66: 0 | S66: =VLOOKUP(K66,'MIS COMPROBANTES'!E:Q,13,FALSE) -> 4818750
A67: 45447 | B67: AUSOL | C67: AUTOPISTAS DEL SOL SA | D67: RI | E67: 30677237119 | F67: 12794 | G67: FAC | H67: A0071105776565 | I67: 711 | J67: 5776565 | K67: =CONCATENATE(E67,I67,J67) -> 306772371197115776565 | L67: 21 | M67: 0 | N67: 12355.38 | O67: 2594.62 | P67: 15876.65 | R67: 555.99 | S67: =VLOOKUP(K67,'MIS COMPROBANTES'!E:Q,13,FALSE) -> 15876.65
A68: 45447 | B68: AUSOL | C68: AUTOPISTAS DEL SOL SA | D68: RI | E68: 30677237119 | F68: 12794 | G68: FAC | H68: A0071105776565 | I68: 711 | J68: 5776565 | K68: =CONCATENATE(E68,I68,J68) -> 306772371197115776565 | L68: 3 | M68: 0 | N68: 0 | O68: 370.66 | P68: 0 | R68: 0 | S68: =VLOOKUP(K68,'MIS COMPROBANTES'!E:Q,13,FALSE) -> 15876.65
A69: 45447 | B69: AUSOL | C69: AUTOPISTAS DEL SOL SA | D69: RI | E69: 30677237119 | F69: 12795 | G69: FAC | H69: A0071105779436 | I69: 711 | J69: 5779436 | K69: =CONCATENATE(E69,I69,J69) -> 306772371197115779436 | L69: 21 | M69: 0 | N69: 60000.23 | O69: 12599.77 | P69: 77100.02 | R69: 2700.01 | S69: =VLOOKUP(K69,'MIS COMPROBANTES'!E:Q,13,FALSE) -> 77100.02
A70: 45447 | B70: AUSOL | C70: AUTOPISTAS DEL SOL SA | D70: RI | E70: 30677237119 | F70: 12795 | G70: FAC | H70: A0071105779436 | I70: 711 | J70: 5779436 | K70: =CONCATENATE(E70,I70,J70) -> 306772371197115779436 | L70: 3 | M70: 0 | N70: 0 | O70: 1800.01 | P70: 0 | R70: 0 | S70: =VLOOKUP(K70,'MIS COMPROBANTES'!E:Q,13,FALSE) -> 77100.02
A71: 45447 | B71: AUSOL | C71: AUTOPISTAS DEL SOL SA | D71: RI | E71: 30677237119 | F71: 12796 | G71: FAC | H71: A0071105781253 | I71: 711 | J71: 5781253 | K71: =CONCATENATE(E71,I71,J71) -> 306772371197115781253 | L71: 21 | M71: 0 | N71: 66611.74 | O71: 13988.26 | P71: 85595.87 | R71: 2997.52 | S71: =VLOOKUP(K71,'MIS COMPROBANTES'!E:Q,13,FALSE) -> 85595.87
A72: 45447 | B72: AUSOL | C72: AUTOPISTAS DEL SOL SA | D72: RI | E72: 30677237119 | F72: 12796 | G72: FAC | H72: A0071105781253 | I72: 711 | J72: 5781253 | K72: =CONCATENATE(E72,I72,J72) -> 306772371197115781253 | L72: 3 | M72: 0 | N72: 0 | O72: 1998.35 | P72: 0 | R72: 0 | S72: =VLOOKUP(K72,'MIS COMPROBANTES'!E:Q,13,FALSE) -> 85595.87
A73: 45447 | B73: VAC | C73: ERNESTO RODRIGUEZ E HIJOS SA | D73: RI | E73: 30586611522 | F73: 12266 | G73: FAC | H73: A0100100236946 | I73: 1001 | J73: 236946 | K73: =CONCATENATE(E73,I73,J73) -> 305866115221001236946 | L73: 21 | M73: 0 | N73: 8738760 | O73: 1835139.6 | P73: 11229307 | R73: 393244.2 | S73: =VLOOKUP(K73,'MIS COMPROBANTES'!E:Q,13,FALSE) -> 11229307
A74: 45447 | B74: VAC | C74: ERNESTO RODRIGUEZ E HIJOS SA | D74: RI | E74: 30586611522 | F74: 12266 | G74: FAC | H74: A0100100236946 | I74: 1001 | J74: 236946 | K74: =CONCATENATE(E74,I74,J74) -> 305866115221001236946 | L74: 3 | M74: 0 | N74: 0 | O74: 262162.8 | P74: 0 | R74: 0 | S74: =VLOOKUP(K74,'MIS COMPROBANTES'!E:Q,13,FALSE) -> 11229307
A75: 45447 | B75: DANONE | C75: DANONE ARGENTINA S.A. | D75: RI | E75: 30501116242 | F75: 12274 | G75: FAC | H75: A0600403644600 | I75: 6004 | J75: 3644600 | K75: =CONCATENATE(E75,I75,J75) -> 3050111624260043644600 | L75: 21 | M75: 0 | N75: 441034.13 | O75: 92617.17 | P75: 555703 | R75: 8820.68 | S75: =VLOOKUP(K75,'MIS COMPROBANTES'!E:Q,13,FALSE) -> 555703
A76: 45447 | B76: DANONE | C76: DANONE ARGENTINA S.A. | D76: RI | E76: 30501116242 | F76: 12274 | G76: FAC | H76: A0600403644600 | I76: 6004 | J76: 3644600 | K76: =CONCATENATE(E76,I76,J76) -> 3050111624260043644600 | L76: 3 | M76: 0 | N76: 0 | O76: 13231.02 | P76: 0 | R76: 0 | S76: =VLOOKUP(K76,'MIS COMPROBANTES'!E:Q,13,FALSE) -> 555703
A77: 45447 | B77: MASTEL | C77: MASTELLONE HNOS S A | D77: RI | E77: 30547242331 | F77: 12273 | G77: FAC | H77: A0615606799194 | I77: 6156 | J77: 6799194 | K77: =CONCATENATE(E77,I77,J77) -> 3054724233161566799194 | L77: 21 | M77: 0 | N77: 383495.76 | O77: 80534.11 | P77: 482625.82 | R77: 7669.92 | S77: =VLOOKUP(K77,'MIS COMPROBANTES'!E:Q,13,FALSE) -> 482625.82
A78: 45447 | B78: MASTEL | C78: MASTELLONE HNOS S A | D78: RI | E78: 30547242331 | F78: 12273 | G78: FAC | H78: A0615606799194 | I78: 6156 | J78: 6799194 | K78: =CONCATENATE(E78,I78,J78) -> 3054724233161566799194 | L78: 3 | M78: 0 | N78: 0 | O78: 10926.03 | P78: 0 | R78: 0 | S78: =VLOOKUP(K78,'MIS COMPROBANTES'!E:Q,13,FALSE) -> 482625.82
... A83: 45447 | B83: INALPA | C83: INALPA (INDUSTRIAS ALIMENTICIAS PAVON ARRIBA | D83: RI | E83: 30567020734 | F83: 12244 | G83: N/C | H83: A0004300004393 | I83: 43 | J83: 4393 | K83: =CONCATENATE(E83,I83,J83) -> 30567020734434393 | L83: 21 | M83: 0 | N83: -124935.84 | O83: -26236.53 | P83: -151172.37 | R83: 0 | S83: =VLOOKUP(K83,'MIS COMPROBANTES'!E:Q,13,FALSE) -> 151172.37
A84: 45448 | B84: PANKO | C84: TEN TEN S.R.L. | D84: RI | E84: 30715830236 | F84: 12371 | G84: FAC | H84: A0000700002510 | I84: 7 | J84: 2510 | K84: =CONCATENATE(E84,I84,J84) -> 3071583023672510 | L84: 21 | M84: 0 | N84: 386880 | O84: 81244.8 | P84: 468124.8 | Q84: 1543207-6 | R84: 0 | S84: =VLOOKUP(K84,'MIS COMPROBANTES'!E:Q,13,FALSE) -> 468124.8
A85: 45448 | B85: ARM | C85: ARMANDO .J .RIOS | D85: RI | E85: 33540545419 | F85: 12236 | G85: FAC | H85: A0001600006153 | I85: 16 | J85: 6153 | K85: =CONCATENATE(E85,I85,J85) -> 33540545419166153 | L85: 21 | M85: 0 | N85: 100000 | O85: 21000 | P85: 121000 | R85: 0 | S85: =VLOOKUP(K85,'MIS COMPROBANTES'!E:Q,13,FALSE) -> 121000
A86: 45448 | B86: PIAMON | C86: LA PIAMONTESA S.A. | D86: RI | E86: 30503861638 | F86: 12373 | G86: FAC | H86: A0006300066147 | I86: 63 | J86: 66147 | K86: =CONCATENATE(E86,I86,J86) -> 305038616386366147 | L86: 21 | M86: 0 | N86: 419685.47 | O86: 88133.94 | P86: 528803.68 | R86: 8393.71 | S86: =VLOOKUP(K86,'MIS COMPROBANTES'!E:Q,13,FALSE) -> 528803.68
A87: 45448 | B87: PIAMON | C87: LA PIAMONTESA S.A. | D87: RI | E87: 30503861638 | F87: 12373 | G87: FAC | H87: A0006300066147 | I87: 63 | J87: 66147 | K87: =CONCATENATE(E87,I87,J87) -> 305038616386366147 | L87: 3 | M87: 0 | N87: 0 | O87: 12590.56 | P87: 0 | R87: 0 | S87: =VLOOKUP(K87,'MIS COMPROBANTES'!E:Q,13,FALSE) -> 528803.68
A88: 45448 | B88: SHIGA | C88: SHIGA MOTORS S.A. | D88: RI | E88: 30715753541 | F88: 12333 | G88: FAC | H88: A0010200046300 | I88: 102 | J88: 46300 | K88: =CONCATENATE(E88,I88,J88) -> 3071575354110246300 | L88: 21 | M88: 7085.02 | N88: 66713.17 | O88: 14009.77 | P88: 89142.22 | R88: 1334.26 | S88: =VLOOKUP(K88,'MIS COMPROBANTES'!E:Q,13,FALSE) -> #N/A
A89: 45448 | B89: TREGAR | C89: GARCIA HERMANOS AGROINDUSTRIAL SRL | D89: RI | E89: 30566108352 | F89: 12370 | G89: FAC | H89: A0016100199335 | I89: 161 | J89: 199335 | K89: =CONCATENATE(E89,I89,J89) -> 30566108352161199335 | L89: 21 | M89: 0 | N89: 2735910.3 | O89: 574541.15 | P89: 3433567.4 | R89: 123115.97 | S89: =VLOOKUP(K89,'MIS COMPROBANTES'!E:Q,13,FALSE) -> 3433567.4
A90: 45448 | B90: CAAUS | C90: CAMPO AUSTRAL SA | D90: RI | E90: 30663197599 | F90: 12374 | G90: FAC | H90: A0053900041126 | I90: 539 | J90: 41126 | K90: =CONCATENATE(E90,I90,J90) -> 3066319759953941126 | L90: 21 | M90: 0 | N90: 1296608.9 | O90: 272287.86 | P90: 1594828.9 | R90: 25932.17 | S90: =VLOOKUP(K90,'MIS COMPROBANTES'!E:Q,13,FALSE) -> 1594828.9
A91: 45448 | B91: FEMSA | C91: COCA COLA FEMSA DE BUENOS AIRES S A | D91: RI | E91: 30525390086 | F91: 12918 | G91: FAC | H91: A0060100264433 | I91: 601 | J91: 264433 | K91: =CONCATENATE(E91,I91,J91) -> 30525390086601264433 | L91: 21 | M91: 501910.76 | N91: 7019387.9 | O91: 1474071.4 | P91: 9356377.7 | R91: 150425.98 | S91: =VLOOKUP(K91,'MIS COMPROBANTES'!E:Q,13,FALSE) -> 9356377.7
A92: 45448 | B92: FEMSA | C92: COCA COLA FEMSA DE BUENOS AIRES S A | D92: RI | E92: 30525390086 | F92: 12918 | G92: FAC | H92: A0060100264433 | I92: 601 | J92: 264433 | K92: =CONCATENATE(E92,I92,J92) -> 30525390086601264433 | L92: 3 | M92: 0 | N92: 0 | O92: 210581.64 | P92: 0 | R92: 0 | S92: =VLOOKUP(K92,'MIS COMPROBANTES'!E:Q,13,FALSE) -> 9356377.7
A93: 45448 | B93: FEMSA | C93: COCA COLA FEMSA DE BUENOS AIRES S A | D93: RI | E93: 30525390086 | F93: 12919 | G93: FAC | H93: A0060100264434 | I93: 601 | J93: 264434 | K93: =CONCATENATE(E93,I93,J93) -> 30525390086601264434 | L93: 21 | M93: 156338.79 | N93: 2804032 | O93: 588846.73 | P93: 3692545.9 | R93: 59207.4 | S93: =VLOOKUP(K93,'MIS COMPROBANTES'!E:Q,13,FALSE) -> 3692545.9
A94: 45448 | B94: FEMSA | C94: COCA COLA FEMSA DE BUENOS AIRES S A | D94: RI | E94: 30525390086 | F94: 12919 | G94: FAC | H94: A0060100264434 | I94: 601 | J94: 264434 | K94: =CONCATENATE(E94,I94,J94) -> 30525390086601264434 | L94: 3 | M94: 0 | N94: 0 | O94: 84120.95 | P94: 0 | R94: 0 | S94: =VLOOKUP(K94,'MIS COMPROBANTES'!E:Q,13,FALSE) -> 3692545.9
A95: 45448 | B95: MORPLA | C95: MOLINOS RIO DE LA PLATA S A | D95: RI | E95: 30500858628 | F95: 12269 | G95: FAC | H95: A0067900173926 | I95: 679 | J95: 173926 | K95: =CONCATENATE(E95,I95,J95) -> 30500858628679173926 | L95: 21 | M95: 0 | N95: 3008414.9 | O95: 631767.13 | P95: 3865813.2 | R95: 135378.67 | S95: =VLOOKUP(K95,'MIS COMPROBANTES'!E:Q,13,FALSE) -> 3865813.2
A96: 45448 | B96: MORPLA | C96: MOLINOS RIO DE LA PLATA S A | D96: RI | E96: 30500858628 | F96: 12269 | G96: FAC | H96: A0067900173926 | I96: 679 | J96: 173926 | K96: =CONCATENATE(E96,I96,J96) -> 30500858628679173926 | L96: 3 | M96: 0 | N96: 0 | O96: 90252.45 | P96: 0 | R96: 0 | S96: =VLOOKUP(K96,'MIS COMPROBANTES'!E:Q,13,FALSE) -> 3865813.2
... A208: 45454 | B208: DECO | C208: MAGALLANES DANIEL SEBASTIAN | D208: RI | E208: 20244919406 | F208: 12931 | G208: FAC | H208: A0000500006237 | I208: 5 | J208: 6237 | K208: =CONCATENATE(E208,I208,J208) -> 2024491940656237 | L208: 21 | M208: 0 | N208: 60165.29 | O208: 12634.71 | P208: 72800 | R208: 0 | S208: =VLOOKUP(K208,'MIS COMPROBANTES'!E:Q,13,FALSE) -> 72800
A209: 45454 | B209: STAPLE | C209: STAPLER S R L | D209: RI | E209: 30696282672 | F209: 12528 | G209: FAC | H209: A0000500006287 | I209: 5 | J209: 6287 | K209: =CONCATENATE(E209,I209,J209) -> 3069628267256287 | L209: 21 | M209: 0 | N209: 125388 | O209: 26331.48 | P209: 151719.48 | Q209: 901-066377-1 | R209: 0 | S209: =VLOOKUP(K209,'MIS COMPROBANTES'!E:Q,13,FALSE) -> 151719.48
A210: 45454 | B210: MR | C210: MORIXE HERMANOS S.A.C.I. | D210: RI | E210: 30525346389 | F210: 12543 | G210: FAC | H210: A0000900017114 | I210: 9 | J210: 17114 | K210: =CONCATENATE(E210,I210,J210) -> 30525346389917114 | L210: 10.5 | M210: 0 | N210: 2263675.4 | O210: 237685.92 | P210: 2637181.9 | R210: 101865.4 | S210: =VLOOKUP(K210,'MIS COMPROBANTES'!E:Q,13,FALSE) -> 2637181.9
A211: 45454 | B211: MR | C211: MORIXE HERMANOS S.A.C.I. | D211: RI | E211: 30525346389 | F211: 12543 | G211: FAC | H211: A0000900017114 | I211: 9 | J211: 17114 | K211: =CONCATENATE(E211,I211,J211) -> 30525346389917114 | L211: 1.5 | M211: 0 | N211: 0 | O211: 33955.13 | P211: 0 | R211: 0 | S211: =VLOOKUP(K211,'MIS COMPROBANTES'!E:Q,13,FALSE) -> 2637181.9
A212: 45454 | B212: PRO EX | C212: PRO EXCEL S A | D212: RI | E212: 30645722937 | F212: 12390 | G212: FAC | H212: A0001700008475 | I212: 17 | J212: 8475 | K212: =CONCATENATE(E212,I212,J212) -> 30645722937178475 | L212: 21 | M212: 1523.21 | N212: 50816.53 | O212: 10671.47 | P212: 63011.21 | R212: 0 | S212: =VLOOKUP(K212,'MIS COMPROBANTES'!E:Q,13,FALSE) -> #N/A
A213: 45454 | B213: SANVIC | C213: CEREALES SAN VICENTE SRL | D213: RI | E213: 30711022593 | F213: 12750 | G213: FAC | H213: A0002900000037 | I213: 29 | J213: 37 | K213: =CONCATENATE(E213,I213,J213) -> 307110225932937 | L213: 21 | M213: 0 | N213: 12054640 | O213: 2531474.4 | P213: 14586114 | R213: 0 | S213: =VLOOKUP(K213,'MIS COMPROBANTES'!E:Q,13,FALSE) -> 14586114
A214: 45454 | B214: CALSA | C214: COMPAÑIA ARGENTINA DE LEVADURAS S A I C | D214: RI | E214: 30532149793 | F214: 12421 | G214: FAC | H214: A0004600402737 | I214: 46 | J214: 402737 | K214: =CONCATENATE(E214,I214,J214) -> 3053214979346402737 | L214: 21 | M214: 0 | N214: 1293000 | O214: 271530 | P214: 1629180 | R214: 25860 | S214: =VLOOKUP(K214,'MIS COMPROBANTES'!E:Q,13,FALSE) -> 1629180
A215: 45454 | B215: CALSA | C215: COMPAÑIA ARGENTINA DE LEVADURAS S A I C | D215: RI | E215: 30532149793 | F215: 12421 | G215: FAC | H215: A0004600402737 | I215: 46 | J215: 402737 | K215: =CONCATENATE(E215,I215,J215) -> 3053214979346402737 | L215: 3 | M215: 0 | N215: 0 | O215: 38790 | P215: 0 | R215: 0 | S215: =VLOOKUP(K215,'MIS COMPROBANTES'!E:Q,13,FALSE) -> 1629180
A216: 45454 | B216: CALSA | C216: COMPAÑIA ARGENTINA DE LEVADURAS S A I C | D216: RI | E216: 30532149793 | F216: 12422 | G216: FAC | H216: A0004600402738 | I216: 46 | J216: 402738 | K216: =CONCATENATE(E216,I216,J216) -> 3053214979346402738 | L216: 21 | M216: 0 | N216: 405000 | O216: 85050 | P216: 510300 | R216: 8100 | S216: =VLOOKUP(K216,'MIS COMPROBANTES'!E:Q,13,FALSE) -> 510300
A217: 45454 | B217: CALSA | C217: COMPAÑIA ARGENTINA DE LEVADURAS S A I C | D217: RI | E217: 30532149793 | F217: 12422 | G217: FAC | H217: A0004600402738 | I217: 46 | J217: 402738 | K217: =CONCATENATE(E217,I217,J217) -> 3053214979346402738 | L217: 3 | M217: 0 | N217: 0 | O217: 12150 | P217: 0 | R217: 0 | S217: =VLOOKUP(K217,'MIS COMPROBANTES'!E:Q,13,FALSE) -> 510300
A218: 45454 | B218: DOS | C218: COMPAÑIA INTRODUCTORA DE BUENOS AIRES S A | D218: RI | E218: 30501290323 | F218: 12509 | G218: FAC | H218: A0021800161739 | I218: 218 | J218: 161739 | K218: =CONCATENATE(E218,I218,J218) -> 30501290323218161739 | L218: 21 | M218: 0 | N218: 268355.21 | O218: 56354.59 | P218: 344836.44 | R218: 12075.98 | S218: =VLOOKUP(K218,'MIS COMPROBANTES'!E:Q,13,FALSE) -> 344836.44
A219: 45454 | B219: DOS | C219: COMPAÑIA INTRODUCTORA DE BUENOS AIRES S A | D219: RI | E219: 30501290323 | F219: 12509 | G219: FAC | H219: A0021800161739 | I219: 218 | J219: 161739 | K219: =CONCATENATE(E219,I219,J219) -> 30501290323218161739 | L219: 3 | M219: 0 | N219: 0 | O219: 8050.66 | P219: 0 | R219: 0 | S219: =VLOOKUP(K219,'MIS COMPROBANTES'!E:Q,13,FALSE) -> 344836.44
A220: 45454 | B220: DOS | C220: COMPAÑIA INTRODUCTORA DE BUENOS AIRES S A | D220: RI | E220: 30501290323 | F220: 12482 | G220: FAC | H220: A0021800161740 | I220: 218 | J220: 161740 | K220: =CONCATENATE(E220,I220,J220) -> 30501290323218161740 | L220: 21 | M220: 0 | N220: 1146768.2 | O220: 240821.32 | P220: 1473597.1 | R220: 51604.56 | S220: =VLOOKUP(K220,'MIS COMPROBANTES'!E:Q,13,FALSE) -> 1473597.1
A221: 45454 | B221: DOS | C221: COMPAÑIA INTRODUCTORA DE BUENOS AIRES S A | D221: RI | E221: 30501290323 | F221: 12482 | G221: FAC | H221: A0021800161740 | I221: 218 | J221: 161740 | K221: =CONCATENATE(E221,I221,J221) -> 30501290323218161740 | L221: 3 | M221: 0 | N221: 0 | O221: 34403.05 | P221: 0 | R221: 0 | S221: =VLOOKUP(K221,'MIS COMPROBANTES'!E:Q,13,FALSE) -> 1473597.1
... A225: 45454 | B225: VAC | C225: ERNESTO RODRIGUEZ E HIJOS SA | D225: RI | E225: 30586611522 | F225: 12485 | G225: FAC | H225: A0100100237258 | I225: 1001 | J225: 237258 | K225: =CONCATENATE(E225,I225,J225) -> 305866115221001237258 | L225: 3 | M225: 0 | N225: 0 | O225: 78188.42 | P225: 0 | R225: 0 | S225: =VLOOKUP(K225,'MIS COMPROBANTES'!E:Q,13,FALSE) -> 3349070.8
A226: 45454 | B226: BAHIA | C226: REGIONAL TRADE S.A.U | D226: RI | E226: 30640382097 | F226: 12480 | G226: FAC | H226: A0110200025072 | I226: 1102 | J226: 25072 | K226: =CONCATENATE(E226,I226,J226) -> 30640382097110225072 | L226: 21 | M226: 0 | N226: 3141621.3 | O226: 659740.47 | P226: 4036983.4 | Q226: 921-741956-7 | R226: 141372.96 | S226: =VLOOKUP(K226,'MIS COMPROBANTES'!E:Q,13,FALSE) -> 4036983.4
A227: 45454 | B227: BAHIA | C227: REGIONAL TRADE S.A.U | D227: RI | E227: 30640382097 | F227: 12480 | G227: FAC | H227: A0110200025072 | I227: 1102 | J227: 25072 | K227: =CONCATENATE(E227,I227,J227) -> 30640382097110225072 | L227: 3 | M227: 0 | N227: 0 | O227: 94248.64 | P227: 0 | Q227: 921-741956-7 | R227: 0 | S227: =VLOOKUP(K227,'MIS COMPROBANTES'!E:Q,13,FALSE) -> 4036983.4
A228: 45454 | B228: SAP | C228: Molfino Hnos SA | D228: RI | E228: 30500768262 | F228: 12526 | G228: FAC | H228: A0200200290737 | I228: 2002 | J228: 290737 | K228: =CONCATENATE(E228,I228,J228) -> 305007682622002290737 | L228: 21 | M228: 0 | N228: 9092502.2 | O228: 1909425.5 | P228: 11683865 | R228: 409162.61 | S228: =VLOOKUP(K228,'MIS COMPROBANTES'!E:Q,13,FALSE) -> 11683865
A229: 45454 | B229: SAP | C229: Molfino Hnos SA | D229: RI | E229: 30500768262 | F229: 12526 | G229: FAC | H229: A0200200290737 | I229: 2002 | J229: 290737 | K229: =CONCATENATE(E229,I229,J229) -> 305007682622002290737 | L229: 3 | M229: 0 | N229: 0 | O229: 272775.07 | P229: 0 | R229: 0 | S229: =VLOOKUP(K229,'MIS COMPROBANTES'!E:Q,13,FALSE) -> 11683865
A230: 45454 | B230: AXION | C230: PAN AMERICAN ENERGY, S.L., SUC ARG | D230: RI | E230: 30695542476 | F230: 12380 | G230: FAC | H230: A0517800015964 | I230: 5178 | J230: 15964 | K230: =CONCATENATE(E230,I230,J230) -> 30695542476517815964 | L230: 21 | M230: 10785.14 | N230: 116467.7 | O230: 24458.22 | P230: 155205.09 | R230: 0 | S230: =VLOOKUP(K230,'MIS COMPROBANTES'!E:Q,13,FALSE) -> #N/A
A231: 45454 | B231: AXION | C231: PAN AMERICAN ENERGY, S.L., SUC ARG | D231: RI | E231: 30695542476 | F231: 12380 | G231: FAC | H231: A0517800015964 | I231: 5178 | J231: 15964 | K231: =CONCATENATE(E231,I231,J231) -> 30695542476517815964 | L231: 3 | M231: 0 | N231: 0 | O231: 3494.03 | P231: 0 | R231: 0 | S231: =VLOOKUP(K231,'MIS COMPROBANTES'!E:Q,13,FALSE) -> #N/A
A232: 45454 | B232: DANONE | C232: DANONE ARGENTINA S.A. | D232: RI | E232: 30501116242 | F232: 12419 | G232: FAC | H232: A0600403652135 | I232: 6004 | J232: 3652135 | K232: =CONCATENATE(E232,I232,J232) -> 3050111624260043652135 | L232: 21 | M232: 0 | N232: 409458.07 | O232: 85986.19 | P232: 515917.16 | R232: 8189.16 | S232: =VLOOKUP(K232,'MIS COMPROBANTES'!E:Q,13,FALSE) -> 515917.16
A233: 45454 | B233: DANONE | C233: DANONE ARGENTINA S.A. | D233: RI | E233: 30501116242 | F233: 12419 | G233: FAC | H233: A0600403652135 | I233: 6004 | J233: 3652135 | K233: =CONCATENATE(E233,I233,J233) -> 3050111624260043652135 | L233: 3 | M233: 0 | N233: 0 | O233: 12283.74 | P233: 0 | R233: 0 | S233: =VLOOKUP(K233,'MIS COMPROBANTES'!E:Q,13,FALSE) -> 515917.16
A234: 45454 | B234: MASTEL | C234: MASTELLONE HNOS S A | D234: RI | E234: 30547242331 | F234: 12523 | G234: FAC | H234: A0615606811099 | I234: 6156 | J234: 6811099 | K234: =CONCATENATE(E234,I234,J234) -> 3054724233161566811099 | L234: 21 | M234: 0 | N234: 103322.99 | O234: 21697.83 | P234: 129429.97 | R234: 2066.46 | S234: =VLOOKUP(K234,'MIS COMPROBANTES'!E:Q,13,FALSE) -> 129429.97
A235: 45454 | B235: MASTEL | C235: MASTELLONE HNOS S A | D235: RI | E235: 30547242331 | F235: 12523 | G235: FAC | H235: A0615606811099 | I235: 6156 | J235: 6811099 | K235: =CONCATENATE(E235,I235,J235) -> 3054724233161566811099 | L235: 3 | M235: 0 | N235: 0 | O235: 2342.69 | P235: 0 | R235: 0 | S235: =VLOOKUP(K235,'MIS COMPROBANTES'!E:Q,13,FALSE) -> 129429.97
A236: 45454 | B236: LA | C236: INTERNACIONAL DE PRODUCTOS S A | D236: RI | E236: 30697646627 | F236: 12575 | G236: N/C | H236: A0001200013512 | I236: 12 | J236: 13512 | K236: =CONCATENATE(E236,I236,J236) -> 306976466271213512 | L236: 21 | M236: 0 | N236: -496273.92 | O236: -104217.52 | P236: -615379.66 | R236: 0 | S236: =VLOOKUP(K236,'MIS COMPROBANTES'!E:Q,13,FALSE) -> 615379.66
A237: 45454 | B237: LA | C237: INTERNACIONAL DE PRODUCTOS S A | D237: RI | E237: 30697646627 | F237: 12575 | G237: N/C | H237: A0001200013512 | I237: 12 | J237: 13512 | K237: =CONCATENATE(E237,I237,J237) -> 306976466271213512 | L237: 3 | M237: 0 | N237: 0 | O237: -14888.22 | P237: 0 | R237: 0 | S237: =VLOOKUP(K237,'MIS COMPROBANTES'!E:Q,13,FALSE) -> 615379.66
A238: 45454 | B238: CAAUS | C238: CAMPO AUSTRAL SA | D238: RI | E238: 30663197599 | F238: 12357 | G238: N/C | H238: A0053900011958 | I238: 539 | J238: 11958 | K238: =CONCATENATE(E238,I238,J238) -> 3066319759953911958 | L238: 21 | M238: 0 | N238: -103713.44 | O238: -21779.82 | P238: -125493.26 | R238: 0 | S238: =VLOOKUP(K238,'MIS COMPROBANTES'!E:Q,13,FALSE) -> 125493.25
A239: 45455 | B239: BELLOT | C239: BELLOTO LUIS MIGUEL | D239: RI | E239: 20301971479 | F239: 12569 | G239: FAC | H239: A0000100000103 | I239: 1 | J239: 103 | K239: =CONCATENATE(E239,I239,J239) -> 203019714791103 | L239: 21 | M239: 0 | N239: 320000 | O239: 67200 | P239: 387200 | R239: 0 | S239: =VLOOKUP(K239,'MIS COMPROBANTES'!E:Q,13,FALSE) -> 387200
... A263: 45456 | B263: GCRSA | C263: GCR SA | D263: RI | E263: 30707225609 | F263: 12669 | G263: FAC | H263: A0000400021439 | I263: 4 | J263: 21439 | K263: =CONCATENATE(E263,I263,J263) -> 30707225609421439 | L263: 21 | M263: 0 | N263: 702000 | O263: 147420 | P263: 884520 | R263: 35100 | S263: =VLOOKUP(K263,'MIS COMPROBANTES'!E:Q,13,FALSE) -> 884520
A264: 45456 | B264: MASNUT | C264: MAS NUTRICION S.A. | D264: RI | E264: 30714144738 | F264: 12529 | G264: FAC | H264: A0000600001251 | I264: 6 | J264: 1251 | K264: =CONCATENATE(E264,I264,J264) -> 3071414473861251 | L264: 21 | M264: 0 | N264: 3176448 | O264: 667054.08 | P264: 3907031 | Q264: 30-71414473-8 | R264: 63528.96 | S264: =VLOOKUP(K264,'MIS COMPROBANTES'!E:Q,13,FALSE) -> 3907031
A265: 45456 | B265: 3ARROY | C265: 3 ARROYOS S.A | D265: RI | E265: 30594465497 | F265: 12493 | G265: FAC | H265: A0002000001747 | I265: 20 | J265: 1747 | K265: =CONCATENATE(E265,I265,J265) -> 30594465497201747 | L265: 21 | M265: 0 | N265: 497578.08 | O265: 104491.4 | P265: 602069.48 | R265: 0 | S265: =VLOOKUP(K265,'MIS COMPROBANTES'!E:Q,13,FALSE) -> 602069.48
A266: 45456 | B266: TREGAR | C266: GARCIA HERMANOS AGROINDUSTRIAL SRL | D266: RI | E266: 30566108352 | F266: 12513 | G266: FAC | H266: A0016100199929 | I266: 161 | J266: 199929 | K266: =CONCATENATE(E266,I266,J266) -> 30566108352161199929 | L266: 21 | M266: 0 | N266: 3179812.4 | O266: 667760.59 | P266: 3990664.5 | R266: 143091.56 | S266: =VLOOKUP(K266,'MIS COMPROBANTES'!E:Q,13,FALSE) -> 3990664.5
A267: 45456 | B267: MIL | C267: MILKAUT S.A. | D267: RI | E267: 30682032630 | F267: 12472 | G267: FAC | H267: A0062200287179 | I267: 622 | J267: 287179 | K267: =CONCATENATE(E267,I267,J267) -> 30682032630622287179 | L267: 21 | M267: 0 | N267: 693876.17 | O267: 145714 | P267: 891630.88 | R267: 31224.42 | S267: =VLOOKUP(K267,'MIS COMPROBANTES'!E:Q,13,FALSE) -> 891630.88
A268: 45456 | B268: MIL | C268: MILKAUT S.A. | D268: RI | E268: 30682032630 | F268: 12472 | G268: FAC | H268: A0062200287179 | I268: 622 | J268: 287179 | K268: =CONCATENATE(E268,I268,J268) -> 30682032630622287179 | L268: 3 | M268: 0 | N268: 0 | O268: 20816.29 | P268: 0 | R268: 0 | S268: =VLOOKUP(K268,'MIS COMPROBANTES'!E:Q,13,FALSE) -> 891630.88
A269: 45456 | B269: SAP | C269: Molfino Hnos SA | D269: RI | E269: 30500768262 | F269: 12716 | G269: FAC | H269: A0200200290944 | I269: 2002 | J269: 290944 | K269: =CONCATENATE(E269,I269,J269) -> 305007682622002290944 | L269: 21 | M269: 0 | N269: 13158640 | O269: 2763314.4 | P269: 16908853 | R269: 592138.81 | S269: =VLOOKUP(K269,'MIS COMPROBANTES'!E:Q,13,FALSE) -> 16908853
A270: 45456 | B270: SAP | C270: Molfino Hnos SA | D270: RI | E270: 30500768262 | F270: 12716 | G270: FAC | H270: A0200200290944 | I270: 2002 | J270: 290944 | K270: =CONCATENATE(E270,I270,J270) -> 305007682622002290944 | L270: 3 | M270: 0 | N270: 0 | O270: 394759.2 | P270: 0 | R270: 0 | S270: =VLOOKUP(K270,'MIS COMPROBANTES'!E:Q,13,FALSE) -> 16908853
A271: 45456 | B271: BUN | C271: BUNGE ARGENTINA S.A. | D271: RI | E271: 30700869918 | F271: 12552 | G271: FAC | H271: A0200900038575 | I271: 2009 | J271: 38575 | K271: =CONCATENATE(E271,I271,J271) -> 30700869918200938575 | L271: 21 | M271: 0 | N271: 10560000 | O271: 2217600 | P271: 13949760 | R271: 855360 | S271: =VLOOKUP(K271,'MIS COMPROBANTES'!E:Q,13,FALSE) -> 13949760
A272: 45456 | B272: BUN | C272: BUNGE ARGENTINA S.A. | D272: RI | E272: 30700869918 | F272: 12552 | G272: FAC | H272: A0200900038575 | I272: 2009 | J272: 38575 | K272: =CONCATENATE(E272,I272,J272) -> 30700869918200938575 | L272: 3 | M272: 0 | N272: 0 | O272: 316800 | P272: 0 | R272: 0 | S272: =VLOOKUP(K272,'MIS COMPROBANTES'!E:Q,13,FALSE) -> 13949760
A273: 45456 | B273: BUN | C273: BUNGE ARGENTINA S.A. | D273: RI | E273: 30700869918 | F273: 12553 | G273: FAC | H273: A0200900038576 | I273: 2009 | J273: 38576 | K273: =CONCATENATE(E273,I273,J273) -> 30700869918200938576 | L273: 21 | M273: 0 | N273: 5665000 | O273: 1189650 | P273: 7483465 | R273: 458865 | S273: =VLOOKUP(K273,'MIS COMPROBANTES'!E:Q,13,FALSE) -> 7483465
...

Sheet MIS COMPROBANTES
A1: Fecha | B1: Tipo | C1: Punto de Venta | D1: Número Desde | E1: GUIA | F1: Cód. Autorización | G1: Tipo Doc. Emisor | H1: Nro. Doc. Emisor | I1: Denominación Emisor | J1: Tipo Cambio | K1: Moneda | L1: Imp. Neto Gravado | M1: Imp. Neto No Gravado | N1: Imp. Op. Exentas | O1: Otros Tributos | P1: IVA | Q1: Imp. Total
A2: 13/06/2024 | B2: 1 - Factura A | C2: 20 | D2: 1747 | E2: =CONCATENATE(H2,C2,D2) -> 30594465497201747 | F2: 74247383955164 | G2: CUIT | H2: 30594465497 | I2: 3 ARROYOS S A | J2: 1 | K2: $ | L2: 497578.08 | M2: 0 | N2: 0 | O2: 0 | P2: 104491.4 | Q2: 602069.48 | R2: =VLOOKUP(E2,'IVA COMPRAS'!K:P,6,FALSE) -> 602069.48
A3: 27/06/2024 | B3: 1 - Factura A | C3: 20 | D3: 1765 | E3: =CONCATENATE(H3,C3,D3) -> 30594465497201765 | F3: 74267863513493 | G3: CUIT | H3: 30594465497 | I3: 3 ARROYOS S A | J3: 1 | K3: $ | L3: 1042471.8 | M3: 0 | N3: 0 | O3: 0 | P3: 218919.07 | Q3: 1261390.8 | R3: =VLOOKUP(E3,'IVA COMPRAS'!K:P,6,FALSE) -> 1261390.8
A4: 04/06/2024 | B4: 1 - Factura A | C4: 3 | D4: 1398 | E4: =CONCATENATE(H4,C4,D4) -> 3071474643631398 | F4: 74236315053296 | G4: CUIT | H4: 30714746436 | I4: 3PL SRL | J4: 1 | K4: $ | L4: 247070.52 | M4: 0 | N4: 0 | O4: 0 | P4: 51884.81 | Q4: 298955.33 | R4: =VLOOKUP(E4,'IVA COMPRAS'!K:P,6,FALSE) -> 298955.33
A5: 04/06/2024 | B5: 3 - Nota de Crédito A | C5: 3 | D5: 110 | E5: =CONCATENATE(H5,C5,D5) -> 307147464363110 | F5: 74236314737611 | G5: CUIT | H5: 30714746436 | I5: 3PL SRL | J5: 1 | K5: $ | L5: 81378.96 | M5: 0 | N5: 0 | O5: 0 | P5: 17089.58 | Q5: 98468.54 | R5: =VLOOKUP(E5,'IVA COMPRAS'!K:P,6,FALSE) -> -98468.54
A6: 06/06/2024 | B6: 1 - Factura A | C6: 3 | D6: 1406 | E6: =CONCATENATE(H6,C6,D6) -> 3071474643631406 | F6: 74236598158189 | G6: CUIT | H6: 30714746436 | I6: 3PL SRL | J6: 1 | K6: $ | L6: 2055110.8 | M6: 0 | N6: 0 | O6: 0 | P6: 431573.27 | Q6: 2486684.1 | R6: =VLOOKUP(E6,'IVA COMPRAS'!K:P,6,FALSE) -> 2486684.1
A7: 06/06/2024 | B7: 1 - Factura A | C7: 3 | D7: 1407 | E7: =CONCATENATE(H7,C7,D7) -> 3071474643631407 | F7: 74236602128219 | G7: CUIT | H7: 30714746436 | I7: 3PL SRL | J7: 1 | K7: $ | L7: 23936204 | M7: 0 | N7: 0 | O7: 0 | P7: 5026602.9 | Q7: 28962807 | R7: =VLOOKUP(E7,'IVA COMPRAS'!K:P,6,FALSE) -> 28962807
A8: 19/06/2024 | B8: 1 - Factura A | C8: 3 | D8: 1416 | E8: =CONCATENATE(H8,C8,D8) -> 3071474643631416 | F8: 74256008538726 | G8: CUIT | H8: 30714746436 | I8: 3PL SRL | J8: 1 | K8: $ | L8: 297418.06 | M8: 0 | N8: 0 | O8: 0 | P8: 62457.79 | Q8: 359875.85 | R8: =VLOOKUP(E8,'IVA COMPRAS'!K:P,6,FALSE) -> 359875.85
A9: 19/06/2024 | B9: 1 - Factura A | C9: 3 | D9: 1417 | E9: =CONCATENATE(H9,C9,D9) -> 3071474643631417 | F9: 74256008948455 | G9: CUIT | H9: 30714746436 | I9: 3PL SRL | J9: 1 | K9: $ | L9: 978927.88 | M9: 0 | N9: 0 | O9: 0 | P9: 205574.85 | Q9: 1184502.7 | R9: =VLOOKUP(E9,'IVA COMPRAS'!K:P,6,FALSE) -> 1184502.7
A10: 28/06/2024 | B10: 3 - Nota de Crédito A | C10: 3 | D10: 114 | E10: =CONCATENATE(H10,C10,D10) -> 307147464363114 | F10: 74266978052704 | G10: CUIT | H10: 30714746436 | I10: 3PL SRL | J10: 1 | K10: $ | L10: 1691427.9 | M10: 0 | N10: 0 | O10: 0 | P10: 355199.85 | Q10: 2046627.7 | R10: =VLOOKUP(E10,'IVA COMPRAS'!K:P,6,FALSE) -> -2046627.7
A11: 14/06/2024 | B11: 1 - Factura A | C11: 12 | D11: 1795 | E11: =CONCATENATE(H11,C11,D11) -> 30709151041121795 | F11: 74241504243336 | G11: CUIT | H11: 30709151041 | I11: A.V.A. SOCIEDAD ANONIMA | J11: 1 | K11: $ | L11: 812296.8 | M11: 0 | N11: 0 | O11: 0 | P11: 170582.33 | Q11: 982879.13 | R11: =VLOOKUP(E11,'IVA COMPRAS'!K:P,6,FALSE) -> 982879.13
A12: 28/06/2024 | B12: 1 - Factura A | C12: 1 | D12: 569 | E12: =CONCATENATE(H12,C12,D12) -> 337177102291569 | F12: 74269943893605 | G12: CUIT | H12: 33717710229 | I12: ACEITERA GERASOLES S.A. | J12: 1 | K12: $ | L12: 9750000 | M12: 0 | N12: 0 | O12: 0 | P12: 2047500 | Q12: 11797500 | R12: =VLOOKUP(E12,'IVA COMPRAS'!K:P,6,FALSE) -> 11797500
A13: 01/06/2024 | B13: 1 - Factura A | C13: 1326 | D13: 1005423 | E13: =CONCATENATE(H13,C13,D13) -> 3066328849713261005423 | F13: 74227115981874 | G13: CUIT | H13: 30663288497 | I13: AMX ARGENTINA SOCIEDAD ANONIMA | J13: 1 | K13: $ | L13: 23510 | M13: 0 | N13: 0 | O13: 0 | P13: 4949.1 | Q13: 29634.6 | R13: =VLOOKUP(E13,'IVA COMPRAS'!K:P,6,FALSE) -> 29634.6
... A46: 19/06/2024 | B46: 1 - Factura A | C46: 1 | D46: 105 | E46: =CONCATENATE(H46,C46,D46) -> 203019714791105 | F46: 74259091875524 | G46: CUIT | H46: 20301971479 | I46: BELLOTO LUIS MIGUEL | J46: 1 | K46: $ | L46: 380000 | M46: 0 | N46: 0 | O46: 0 | P46: 79800 | Q46: 459800 | R46: =VLOOKUP(E46,'IVA COMPRAS'!K:P,6,FALSE) -> 459800
A47: 25/06/2024 | B47: 1 - Factura A | C47: 12 | D47: 1953 | E47: =CONCATENATE(H47,C47,D47) -> 30711969132121953 | F47: 74262575963797 | G47: CUIT | H47: 30711969132 | I47: BIGAR S.A. | J47: 1 | K47: $ | L47: 646019 | M47: 0 | N47: 0 | O47: 0 | P47: 135663.99 | Q47: 781682.99 | R47: SE ANULA E/SI
A48: 26/06/2024 | B48: 3 - Nota de Crédito A | C48: 12 | D48: 513 | E48: =CONCATENATE(H48,C48,D48) -> 3071196913212513 | F48: 74262702878565 | G48: CUIT | H48: 30711969132 | I48: BIGAR S.A. | J48: 1 | K48: $ | L48: 646019 | M48: 0 | N48: 0 | O48: 0 | P48: 135663.99 | Q48: 781682.99 | R48: SE ANULA E/SI
A49: 04/06/2024 | B49: 1 - Factura A | C49: 2 | D49: 1037 | E49: =CONCATENATE(H49,C49,D49) -> 2314856169921037 | F49: 74239303170183 | G49: CUIT | H49: 23148561699 | I49: BONINI HORACIO ALBERTO | J49: 1 | K49: $ | L49: 396000 | M49: 0 | N49: 0 | O49: 0 | P49: 83160 | Q49: 479160 | R49: =VLOOKUP(E49,'IVA COMPRAS'!K:P,6,FALSE) -> 479160
A50: 03/06/2024 | B50: 11 - Factura C | C50: 1 | D50: 35 | E50: =CONCATENATE(H50,C50,D50) -> 27444490204135 | F50: 74234234739919 | G50: CUIT | H50: 27444490204 | I50: BOTINDARI MARIA MERCEDES | J50: 1 | K50: $ | O50: 0 | Q50: 350000 | R50: =VLOOKUP(E50,'IVA COMPRAS'!K:P,6,FALSE) -> 350000
A51: 01/06/2024 | B51: 3 - Nota de Crédito A | C51: 2009 | D51: 6273 | E51: =CONCATENATE(H51,C51,D51) -> 3070086991820096273 | F51: 74238210429374 | G51: CUIT | H51: 30700869918 | I51: BUNGE ARGENTINA S A | J51: 1 | K51: $ | L51: 164000 | M51: 0 | N51: 0 | O51: 0 | P51: 34440 | Q51: 198440 | R51: =VLOOKUP(E51,'IVA COMPRAS'!K:P,6,FALSE) -> -198440
A52: 10/06/2024 | B52: 1 - Factura A | C52: 2009 | D52: 38502 | E52: =CONCATENATE(H52,C52,D52) -> 30700869918200938502 | F52: 74248029583152 | G52: CUIT | H52: 30700869918 | I52: BUNGE ARGENTINA S A | J52: 1 | K52: $ | L52: 6156000 | M52: 0 | N52: 0 | O52: 0 | P52: 1292760 | Q52: 7910460 | R52: =VLOOKUP(E52,'IVA COMPRAS'!K:P,6,FALSE) -> 7910460
A53: 10/06/2024 | B53: 1 - Factura A | C53: 2009 | D53: 38503 | E53: =CONCATENATE(H53,C53,D53) -> 30700869918200938503 | F53: 74248029650518 | G53: CUIT | H53: 30700869918 | I53: BUNGE ARGENTINA S A | J53: 1 | K53: $ | L53: 6156000 | M53: 0 | N53: 0 | O53: 0 | P53: 1292760 | Q53: 7910460 | R53: =VLOOKUP(E53,'IVA COMPRAS'!K:P,6,FALSE) -> 7910460
A54: 10/06/2024 | B54: 1 - Factura A | C54: 2009 | D54: 38504 | E54: =CONCATENATE(H54,C54,D54) -> 30700869918200938504 | F54: 74248029659711 | G54: CUIT | H54: 30700869918 | I54: BUNGE ARGENTINA S A | J54: 1 | K54: $ | L54: 4532000 | M54: 0 | N54: 0 | O54: 0 | P54: 951720 | Q54: 5823620 | R54: =VLOOKUP(E54,'IVA COMPRAS'!K:P,6,FALSE) -> 5823620
A55: 10/06/2024 | B55: 1 - Factura A | C55: 2009 | D55: 38505 | E55: =CONCATENATE(H55,C55,D55) -> 30700869918200938505 | F55: 74248029754637 | G55: CUIT | H55: 30700869918 | I55: BUNGE ARGENTINA S A | J55: 1 | K55: $ | L55: 5665000 | M55: 0 | N55: 0 | O55: 0 | P55: 1189650 | Q55: 7477800 | R55: =VLOOKUP(E55,'IVA COMPRAS'!K:P,6,FALSE) -> 7477800
A56: 13/06/2024 | B56: 1 - Factura A | C56: 2009 | D56: 38575 | E56: =CONCATENATE(H56,C56,D56) -> 30700869918200938575 | F56: 74248438815243 | G56: CUIT | H56: 30700869918 | I56: BUNGE ARGENTINA S A | J56: 1 | K56: $ | L56: 10560000 | M56: 0 | N56: 0 | O56: 0 | P56: 2217600 | Q56: 13949760 | R56: =VLOOKUP(E56,'IVA COMPRAS'!K:P,6,FALSE) -> 13949760
A57: 13/06/2024 | B57: 1 - Factura A | C57: 2009 | D57: 38576 | E57: =CONCATENATE(H57,C57,D57) -> 30700869918200938576 | F57: 74248438826873 | G57: CUIT | H57: 30700869918 | I57: BUNGE ARGENTINA S A | J57: 1 | K57: $ | L57: 5665000 | M57: 0 | N57: 0 | O57: 0 | P57: 1189650 | Q57: 7483465 | R57: =VLOOKUP(E57,'IVA COMPRAS'!K:P,6,FALSE) -> 7483465
A58: 19/06/2024 | B58: 1 - Factura A | C58: 2009 | D58: 38673 | E58: =CONCATENATE(H58,C58,D58) -> 30700869918200938673 | F58: 74258025377789 | G58: CUIT | H58: 30700869918 | I58: BUNGE ARGENTINA S A | J58: 1 | K58: $ | L58: 5665000 | M58: 0 | N58: 0 | O58: 0 | P58: 1189650 | Q58: 7279525 | R58: =VLOOKUP(E58,'IVA COMPRAS'!K:P,6,FALSE) -> 7279525
A59: 19/06/2024 | B59: 1 - Factura A | C59: 2009 | D59: 38674 | E59: =CONCATENATE(H59,C59,D59) -> 30700869918200938674 | F59: 74258025390097 | G59: CUIT | H59: 30700869918 | I59: BUNGE ARGENTINA S A | J59: 1 | K59: $ | L59: 963600 | M59: 0 | N59: 0 | O59: 0 | P59: 202356 | Q59: 1238226 | R59: =VLOOKUP(E59,'IVA COMPRAS'!K:P,6,FALSE) -> 1238226
A60: 19/06/2024 | B60: 1 - Factura A | C60: 2009 | D60: 38675 | E60: =CONCATENATE(H60,C60,D60) -> 30700869918200938675 | F60: 74258025400652 | G60: CUIT | H60: 30700869918 | I60: BUNGE ARGENTINA S A | J60: 1 | K60: $ | L60: 2630880 | M60: 0 | N60: 0 | O60: 0 | P60: 552484.8 | Q60: 3472761.6 | R60: =VLOOKUP(E60,'IVA COMPRAS'!K:P,6,FALSE) -> 3472761.6
A61: 19/06/2024 | B61: 3 - Nota de Crédito A | C61: 2009 | D61: 6304 | E61: =CONCATENATE(H61,C61,D61) -> 3070086991820096304 | F61: 74258058573795 | G61: CUIT | H61: 30700869918 | I61: BUNGE ARGENTINA S A | J61: 1 | K61: $ | L61: 1095600 | M61: 0 | N61: 0 | O61: 0 | P61: 230076 | Q61: 1446192 | R61: =VLOOKUP(E61,'IVA COMPRAS'!K:P,6,FALSE) -> -1446192
A62: 12/06/2024 | B62: 11 - Factura C | C62: 11 | D62: 13465 | E62: =CONCATENATE(H62,C62,D62) -> 306631787641113465 | F62: 74244269891639 | G62: CUIT | H62: 30663178764 | I62: CAMARA ARGENTINA DE TRANSPORTE AUTOMOTOR DE MERCANCIAS Y RESIDUOS PELIGROSOS | J62: 1 | K62: $ | O62: 0 | Q62: 3200 | R62: PEDIR A LOGISTICA
A63: 05/06/2024 | B63: 1 - Factura A | C63: 539 | D63: 41126 | E63: =CONCATENATE(H63,C63,D63) -> 3066319759953941126 | F63: 74239476727663 | G63: CUIT | H63: 30663197599 | I63: CAMPO AUSTRAL SA | J63: 1 | K63: $ | L63: 1296608.9 | O63: 0 | P63: 272287.87 | Q63: 1594828.9 | R63: =VLOOKUP(E63,'IVA COMPRAS'!K:P,6,FALSE) -> 1594828.9
A64: 11/06/2024 | B64: 3 - Nota de Crédito A | C64: 539 | D64: 11958 | E64: =CONCATENATE(H64,C64,D64) -> 3066319759953911958 | F64: 74249142985380 | G64: CUIT | H64: 30663197599 | I64: CAMPO AUSTRAL SA | J64: 1 | K64: $ | L64: 103713.43 | O64: 0 | P64: 21779.82 | Q64: 125493.25 | R64: =VLOOKUP(E64,'IVA COMPRAS'!K:P,6,FALSE) -> -125493.26
A65: 12/06/2024 | B65: 1 - Factura A | C65: 539 | D65: 41282 | E65: =CONCATENATE(H65,C65,D65) -> 3066319759953941282 | F65: 74249319317745 | G65: CUIT | H65: 30663197599 | I65: CAMPO AUSTRAL SA | J65: 1 | K65: $ | L65: 833129.57 | O65: 0 | P65: 174957.21 | Q65: 1024749.4 | R65: =VLOOKUP(E65,'IVA COMPRAS'!K:P,6,FALSE) -> 1024749.4
A66: 26/06/2024 | B66: 1 - Factura A | C66: 539 | D66: 41530 | E66: =CONCATENATE(H66,C66,D66) -> 3066319759953941530 | F66: 74269719506857 | G66: CUIT | H66: 30663197599 | I66: CAMPO AUSTRAL SA | J66: 1 | K66: $ | L66: 736755.71 | O66: 0 | P66: 154718.7 | Q66: 906209.52 | R66: =VLOOKUP(E66,'IVA COMPRAS'!K:P,6,FALSE) -> 906209.54
A67: 25/06/2024 | B67: 11 - Factura C | C67: 2 | D67: 1767 | E67: =CONCATENATE(H67,C67,D67) -> 2017701852021767 | F67: 74260618252164 | G67: CUIT | H67: 20177018520 | I67: CASELLA ROBERTO CARLOS | J67: 1 | K67: $ | O67: 0 | Q67: 25500 | R67: =VLOOKUP(E67,'IVA COMPRAS'!K:P,6,FALSE) -> #N/A
A68: 11/06/2024 | B68: 1 - Factura A | C68: 29 | D68: 37 | E68: =CONCATENATE(H68,C68,D68) -> 307110225932937 | F68: 74243124746449 | G68: CUIT | H68: 30711022593 | I68: CEREALES SAN VICENTE SRL | J68: 1 | K68: $ | L68: 12054640 | M68: 0 | N68: 0 | O68: 0 | P68: 2531474.4 | Q68: 14586114 | R68: =VLOOKUP(E68,'IVA COMPRAS'!K:P,6,FALSE) -> 14586114
A69: 01/06/2024 | B69: 1 - Factura A | C69: 3 | D69: 228947 | E69: =CONCATENATE(H69,C69,D69) -> 307071355963228947 | F69: 74226996479387 | G69: CUIT | H69: 30707135596 | I69: CITILAN ARGENTINA S.A. | J69: 1 | K69: $ | L69: 82978.84 | M69: 0 | N69: 0 | O69: 0 | P69: 17425.56 | Q69: 102063.98 | R69: =VLOOKUP(E69,'IVA COMPRAS'!K:P,6,FALSE) -> 102063.98
A70: 05/06/2024 | B70: 1 - Factura A | C70: 601 | D70: 264433 | E70: =CONCATENATE(H70,C70,D70) -> 30525390086601264433 | F70: 34226022380740 | G70: CUIT | H70: 30525390086 | I70: COCA COLA FEMSA DE BUENOS AIRES S A | J70: 1 | K70: $ | L70: 7019387.9 | M70: 0 | N70: 0 | O70: 0 | P70: 1474071.4 | Q70: 9356377.7 | R70: =VLOOKUP(E70,'IVA COMPRAS'!K:P,6,FALSE) -> 9356377.7
A71: 05/06/2024 | B71: 1 - Factura A | C71: 601 | D71: 264434 | E71: =CONCATENATE(H71,C71,D71) -> 30525390086601264434 | F71: 34226022380740 | G71: CUIT | H71: 30525390086 | I71: COCA COLA FEMSA DE BUENOS AIRES S A | J71: 1 | K71: $ | L71: 2804032 | M71: 0 | N71: 0 | O71: 0 | P71: 588846.73 | Q71: 3692545.9 | R71: =VLOOKUP(E71,'IVA COMPRAS'!K:P,6,FALSE) -> 3692545.9
A72: 05/06/2024 | B72: 3 - Nota de Crédito A | C72: 603 | D72: 57049 | E72: =CONCATENATE(H72,C72,D72) -> 3052539008660357049 | F72: 34226022380740 | G72: CUIT | H72: 30525390086 | I72: COCA COLA FEMSA DE BUENOS AIRES S A | J72: 1 | K72: $ | L72: 155446.19 | M72: 0 | N72: 0 | O72: 0 | P72: 32643.7 | Q72: 206270.88 | R72: =VLOOKUP(E72,'IVA COMPRAS'!K:P,6,FALSE) -> -206270.88
A73: 12/06/2024 | B73: 1 - Factura A | C73: 601 | D73: 265055 | E73: =CONCATENATE(H73,C73,D73) -> 30525390086601265055 | F73: 34226022380740 | G73: CUIT | H73: 30525390086 | I73: COCA COLA FEMSA DE BUENOS AIRES S A | J73: 1 | K73: $ | L73: 1744125.8 | M73: 0 | N73: 0 | O73: 0 | P73: 366266.42 | Q73: 2345896.9 | R73: =VLOOKUP(E73,'IVA COMPRAS'!K:P,6,FALSE) -> 2345896.9
A74: 12/06/2024 | B74: 1 - Factura A | C74: 601 | D74: 265062 | E74: =CONCATENATE(H74,C74,D74) -> 30525390086601265062 | F74: 34226022380740 | G74: CUIT | H74: 30525390086 | I74: COCA COLA FEMSA DE BUENOS AIRES S A | J74: 1 | K74: $ | L74: 1605493.5 | M74: 0 | N74: 0 | O74: 0 | P74: 337153.63 | Q74: 2165327.8 | R74: =VLOOKUP(E74,'IVA COMPRAS'!K:P,6,FALSE) -> 2165327.8
A75: 12/06/2024 | B75: 3 - Nota de Crédito A | C75: 603 | D75: 57111 | E75: =CONCATENATE(H75,C75,D75) -> 3052539008660357111 | F75: 34226022380740 | G75: CUIT | H75: 30525390086 | I75: COCA COLA FEMSA DE BUENOS AIRES S A | J75: 1 | K75: $ | L75: 192659.24 | M75: 0 | N75: 0 | O75: 0 | P75: 40458.44 | Q75: 255651.08 | R75: =VLOOKUP(E75,'IVA COMPRAS'!K:P,6,FALSE) -> -255651.08
A76: 26/06/2024 | B76: 1 - Factura A | C76: 601 | D76: 265804 | E76: =CONCATENATE(H76,C76,D76) -> 30525390086601265804 | F76: 34246645027953 | G76: CUIT | H76: 30525390086 | I76: COCA COLA FEMSA DE BUENOS AIRES S A | J76: 1 | K76: $ | L76: 6991502.5 | M76: 0 | N76: 0 | O76: 0 | P76: 1468215.5 | Q76: 9355657.1 | R76: =VLOOKUP(E76,'IVA COMPRAS'!K:P,6,FALSE) -> 9355657.1
A77: 26/06/2024 | B77: 1 - Factura A | C77: 601 | D77: 265805 | E77: =CONCATENATE(H77,C77,D77) -> 30525390086601265805 | F77: 34246645027953 | G77: CUIT | H77: 30525390086 | I77: COCA COLA FEMSA DE BUENOS AIRES S A | J77: 1 | K77: $ | L77: 1722441.6 | M77: 0 | N77: 0 | O77: 0 | P77: 361712.74 | Q77: 2228610.7 | R77: =VLOOKUP(E77,'IVA COMPRAS'!K:P,6,FALSE) -> 2228610.7
A78: 26/06/2024 | B78: 1 - Factura A | C78: 601 | D78: 265806 | E78: =CONCATENATE(H78,C78,D78) -> 30525390086601265806 | F78: 34246645027953 | G78: CUIT | H78: 30525390086 | I78: COCA COLA FEMSA DE BUENOS AIRES S A | J78: 1 | K78: $ | L78: 4930004 | M78: 0 | N78: 0 | O78: 0 | P78: 1035300.8 | Q78: 6500190.1 | R78: =VLOOKUP(E78,'IVA COMPRAS'!K:P,6,FALSE) -> 6500190.1
A79: 14/06/2024 | B79: 1 - Factura A | C79: 20 | D79: 4859 | E79: =CONCATENATE(H79,C79,D79) -> 30618899612204859 | F79: 74242514146301 | G79: CUIT | H79: 30618899612 | I79: COMIDAS JOVENES SA | J79: 1 | K79: $ | L79: 1462500 | M79: 0 | N79: 0 | O79: 0 | P79: 307125 | Q79: 1769625 | R79: =VLOOKUP(E79,'IVA COMPRAS'!K:P,6,FALSE) -> 1769625
... A87: 28/06/2024 | B87: 1 - Factura A | C87: 46 | D87: 403798 | E87: =CONCATENATE(H87,C87,D87) -> 3053214979346403798 | F87: 34243744990174 | G87: CUIT | H87: 30532149793 | I87: COMPAÑIA ARGENTINA DE LEVADURAS S A I C | J87: 1 | K87: $ | L87: 832500 | M87: 0 | N87: 0 | O87: 0 | P87: 174825 | Q87: 1048950 | R87: =VLOOKUP(E87,'IVA COMPRAS'!K:P,6,FALSE) -> 1048950
A88: 03/06/2024 | B88: 3 - Nota de Crédito A | C88: 204 | D88: 98176 | E88: =CONCATENATE(H88,C88,D88) -> 3050129032320498176 | F88: 74233187399753 | G88: CUIT | H88: 30501290323 | I88: COMPAÑIA INTRODUCTORA DE BUENOS AIRES S A | J88: 1 | K88: $ | L88: 2575 | O88: 0 | P88: 540.75 | Q88: 3193 | R88: =VLOOKUP(E88,'IVA COMPRAS'!K:P,6,FALSE) -> -3193
A89: 11/06/2024 | B89: 1 - Factura A | C89: 218 | D89: 161739 | E89: =CONCATENATE(H89,C89,D89) -> 30501290323218161739 | F89: 74243173413806 | G89: CUIT | H89: 30501290323 | I89: COMPAÑIA INTRODUCTORA DE BUENOS AIRES S A | J89: 1 | K89: $ | L89: 268355.19 | O89: 0 | P89: 56354.59 | Q89: 344836.44 | R89: =VLOOKUP(E89,'IVA COMPRAS'!K:P,6,FALSE) -> 344836.44
A90: 11/06/2024 | B90: 1 - Factura A | C90: 218 | D90: 161740 | E90: =CONCATENATE(H90,C90,D90) -> 30501290323218161740 | F90: 74243173415104 | G90: CUIT | H90: 30501290323 | I90: COMPAÑIA INTRODUCTORA DE BUENOS AIRES S A | J90: 1 | K90: $ | L90: 1146768.2 | O90: 0 | P90: 240821.32 | Q90: 1473597.1 | R90: =VLOOKUP(E90,'IVA COMPRAS'!K:P,6,FALSE) -> 1473597.1
A91: 10/06/2024 | B91: 1 - Factura A | C91: 10 | D91: 13726 | E91: =CONCATENATE(H91,C91,D91) -> 305180258791013726 | F91: 74249026119913 | G91: CUIT | H91: 30518025879 | I91: COOPERATIVA VITIVINIFRUTICOLA GENERAL ALVEAR LIMITADA | J91: 1 | K91: $ | L91: 2176347.6 | M91: 0 | N91: 0 | O91: 0 | P91: 457033 | Q91: 2633380.6 | R91: =VLOOKUP(E91,'IVA COMPRAS'!K:P,6,FALSE) -> 2633380.6
A92: 15/06/2024 | B92: 1 - Factura A | C92: 113 | D92: 3657291 | E92: =CONCATENATE(H92,C92,D92) -> 305772071901133657291 | F92: 74250980268669 | G92: CUIT | H92: 30577207190 | I92: COORDINACION ECOLOGICA AREA METROPOLITANA SOCIEDAD DEL ESTADO | J92: 1 | K92: $ | L92: 34390.08 | M92: 0 | N92: 0 | O92: 0 | P92: 7221.92 | Q92: 43331.5 | R92: =VLOOKUP(E92,'IVA COMPRAS'!K:P,6,FALSE) -> 43331.5
A93: 15/06/2024 | B93: 1 - Factura A | C93: 113 | D93: 3658130 | E93: =CONCATENATE(H93,C93,D93) -> 305772071901133658130 | F93: 74250980325530 | G93: CUIT | H93: 30577207190 | I93: COORDINACION ECOLOGICA AREA METROPOLITANA SOCIEDAD DEL ESTADO | J93: 1 | K93: $ | L93: 2148.76 | M93: 0 | N93: 0 | O93: 0 | P93: 451.24 | Q93: 2664.46 | R93: =VLOOKUP(E93,'IVA COMPRAS'!K:P,6,FALSE) -> 2664.46
A94: 30/06/2024 | B94: 1 - Factura A | C94: 113 | D94: 3682971 | E94: =CONCATENATE(H94,C94,D94) -> 305772071901133682971 | F94: 74270657912061 | G94: CUIT | H94: 30577207190 | I94: COORDINACION ECOLOGICA AREA METROPOLITANA SOCIEDAD DEL ESTADO | J94: 1 | K94: $ | L94: 49431.41 | M94: 0 | N94: 0 | O94: 0 | P94: 10380.59 | Q94: 62283.57 | R94: =VLOOKUP(E94,'IVA COMPRAS'!K:P,6,FALSE) -> 62283.57
A95: 30/06/2024 | B95: 1 - Factura A | C95: 113 | D95: 3683763 | E95: =CONCATENATE(H95,C95,D95) -> 305772071901133683763 | F95: 74270658000195 | G95: CUIT | H95: 30577207190 | I95: COORDINACION ECOLOGICA AREA METROPOLITANA SOCIEDAD DEL ESTADO | J95: 1 | K95: $ | L95: 6446.28 | M95: 0 | N95: 0 | O95: 0 | P95: 1353.72 | Q95: 8122.32 | R95: =VLOOKUP(E95,'IVA COMPRAS'!K:P,6,FALSE) -> 8122.32
A96: 30/06/2024 | B96: 1 - Factura A | C96: 113 | D96: 3682066 | E96: =CONCATENATE(H96,C96,D96) -> 305772071901133682066 | F96: 74270657803732 | G96: CUIT | H96: 30577207190 | I96: COORDINACION ECOLOGICA AREA METROPOLITANA SOCIEDAD DEL ESTADO | J96: 1 | K96: $ | L96: 826.45 | M96: 0 | N96: 0 | O96: 0 | P96: 173.55 | Q96: 1000 | R96: =VLOOKUP(E96,'IVA COMPRAS'!K:P,6,FALSE) -> 1000
A97: 05/06/2024 | B97: 1 - Factura A | C97: 700 | D97: 1730819 | E97: =CONCATENATE(H97,C97,D97) -> 307158048127001730819 | F97: 74232488686669 | G97: CUIT | H97: 30715804812 | I97: CORREDORES VIALES SOCIEDAD ANONIMA | J97: 1 | K97: $ | L97: 18677.69 | M97: 0 | N97: 0 | O97: 0 | P97: 3922.31 | Q97: 23440.49 | R97: =VLOOKUP(E97,'IVA COMPRAS'!K:P,6,FALSE) -> 23440.49
A98: 05/06/2024 | B98: 1 - Factura A | C98: 700 | D98: 1713413 | E98: =CONCATENATE(H98,C98,D98) -> 307158048127001713413 | F98: 74232486264721 | G98: CUIT | H98: 30715804812 | I98: CORREDORES VIALES SOCIEDAD ANONIMA | J98: 1 | K98: $ | L98: 1487.6 | M98: 0 | N98: 0 | O98: 0 | P98: 312.4 | Q98: 1800 | R98: =VLOOKUP(E98,'IVA COMPRAS'!K:P,6,FALSE) -> 1800
A99: 05/06/2024 | B99: 1 - Factura A | C99: 700 | D99: 1713689 | E99: =CONCATENATE(H99,C99,D99) -> 307158048127001713689 | F99: 74232486314524 | G99: CUIT | H99: 30715804812 | I99: CORREDORES VIALES SOCIEDAD ANONIMA | J99: 1 | K99: $ | L99: 5785.12 | M99: 0 | N99: 0 | O99: 0 | P99: 1214.88 | Q99: 7260.33 | R99: =VLOOKUP(E99,'IVA COMPRAS'!K:P,6,FALSE) -> 7260.33
A100: 24/06/2024 | B100: 1 - Factura A | C100: 700 | D100: 1744685 | E100: =CONCATENATE(H100,C100,D100) -> 307158048127001744685 | F100: 74262566424954 | G100: CUIT | H100: 30715804812 | I100: CORREDORES VIALES SOCIEDAD ANONIMA | J100: 1 | K100: $ | L100: 1487.6 | M100: 0 | N100: 0 | O100: 0 | P100: 312.4 | Q100: 1800 | R100: =VLOOKUP(E100,'IVA COMPRAS'!K:P,6,FALSE) -> 1800
A101: 24/06/2024 | B101: 1 - Factura A | C101: 700 | D101: 1761187 | E101: =CONCATENATE(H101,C101,D101) -> 307158048127001761187 | F101: 74262566778344 | G101: CUIT | H101: 30715804812 | I101: CORREDORES VIALES SOCIEDAD ANONIMA | J101: 1 | K101: $ | L101: 11404.96 | M101: 0 | N101: 0 | O101: 0 | P101: 2395.04 | Q101: 14313.22 | R101: =VLOOKUP(E101,'IVA COMPRAS'!K:P,6,FALSE) -> 14313.22
A102: 29/06/2024 | B102: 1 - Factura A | C102: 104 | D102: 6103273 | E102: =CONCATENATE(H102,C102,D102) -> 307158048121046103273 | F102: 74262088233226 | G102: CUIT | H102: 30715804812 | I102: CORREDORES VIALES SOCIEDAD ANONIMA | J102: 1 | K102: $ | L102: 2252.12 | M102: 0 | N102: 0 | O102: 0 | P102: 472.95 | Q102: 2781.37 | R102: =VLOOKUP(E102,'IVA COMPRAS'!K:P,6,FALSE) -> #N/A
... A117: 27/06/2024 | B117: 1 - Factura A | C117: 2034 | D117: 156211 | E117: =CONCATENATE(H117,C117,D117) -> 305161866702034156211 | F117: 74260807090578 | G117: CUIT | H117: 30516186670 | I117: DEHEZA SOCIEDAD ANONIMA INDUSTRIAL COMERCIAL FINANCIERA INMOBILIARIA | J117: 1 | K117: $ | L117: 107942.33 | M117: 0 | N117: 0 | O117: 0 | P117: 22667.89 | Q117: 148936.18 | R117: =VLOOKUP(E117,'IVA COMPRAS'!K:P,6,FALSE) -> 148936.19
A118: 03/06/2024 | B118: 11 - Factura C | C118: 2 | D118: 317 | E118: =CONCATENATE(H118,C118,D118) -> 272069414192317 | F118: 74239230058592 | G118: CUIT | H118: 27206941419 | I118: DOBARRO PAULA MARCELA | J118: 1 | K118: $ | O118: 0 | Q118: 195000 | R118: =VLOOKUP(E118,'IVA COMPRAS'!K:P,6,FALSE) -> 195000
A119: 13/06/2024 | B119: 11 - Factura C | C119: 2 | D119: 322 | E119: =CONCATENATE(H119,C119,D119) -> 272069414192322 | F119: 74249412892827 | G119: CUIT | H119: 27206941419 | I119: DOBARRO PAULA MARCELA | J119: 1 | K119: $ | O119: 0 | Q119: 300000 | R119: =VLOOKUP(E119,'IVA COMPRAS'!K:P,6,FALSE) -> 300000
A120: 26/06/2024 | B120: 1 - Factura A | C120: 10 | D120: 155724 | E120: =CONCATENATE(H120,C120,D120) -> 3064221935510155724 | F120: 74265771361356 | G120: CUIT | H120: 30642219355 | I120: DULFIX SA | J120: 1 | K120: $ | L120: 2625150 | M120: 0 | N120: 0 | O120: 0 | P120: 551281.5 | Q120: 3373317.8 | R120: =VLOOKUP(E120,'IVA COMPRAS'!K:P,6,FALSE) -> 3373317.8
A121: 04/06/2024 | B121: 1 - Factura A | C121: 1001 | D121: 236946 | E121: =CONCATENATE(H121,C121,D121) -> 305866115221001236946 | F121: 74232333966136 | G121: CUIT | H121: 30586611522 | I121: ERNESTO RODRIGUEZ E HIJOS SA | J121: 1 | K121: $ | L121: 8738760 | N121: 0 | O121: 0 | P121: 1835139.6 | Q121: 11229307 | R121: =VLOOKUP(E121,'IVA COMPRAS'!K:P,6,FALSE) -> 11229307
A122: 11/06/2024 | B122: 1 - Factura A | C122: 1001 | D122: 237257 | E122: =CONCATENATE(H122,C122,D122) -> 305866115221001237257 | F122: 74242157485994 | G122: CUIT | H122: 30586611522 | I122: ERNESTO RODRIGUEZ E HIJOS SA | J122: 1 | K122: $ | L122: 256674 | N122: 0 | O122: 0 | P122: 53901.54 | Q122: 329826.09 | R122: =VLOOKUP(E122,'IVA COMPRAS'!K:P,6,FALSE) -> 329826.09
A123: 11/06/2024 | B123: 1 - Factura A | C123: 1001 | D123: 237258 | E123: =CONCATENATE(H123,C123,D123) -> 305866115221001237258 | F123: 74242157487645 | G123: CUIT | H123: 30586611522 | I123: ERNESTO RODRIGUEZ E HIJOS SA | J123: 1 | K123: $ | L123: 2606280.8 | N123: 0 | O123: 0 | P123: 547318.97 | Q123: 3349070.8 | R123: =VLOOKUP(E123,'IVA COMPRAS'!K:P,6,FALSE) -> 3349070.8
A124: 25/06/2024 | B124: 1 - Factura A | C124: 1001 | D124: 237847 | E124: =CONCATENATE(H124,C124,D124) -> 305866115221001237847 | F124: 74262607823760 | G124: CUIT | H124: 30586611522 | I124: ERNESTO RODRIGUEZ E HIJOS SA | J124: 1 | K124: $ | L124: 1730980 | N124: 0 | O124: 0 | P124: 363505.8 | Q124: 2224309.3 | R124: =VLOOKUP(E124,'IVA COMPRAS'!K:P,6,FALSE) -> 2224309.3
A125: 25/06/2024 | B125: 1 - Factura A | C125: 1001 | D125: 237848 | E125: =CONCATENATE(H125,C125,D125) -> 305866115221001237848 | F125: 74262607824449 | G125: CUIT | H125: 30586611522 | I125: ERNESTO RODRIGUEZ E HIJOS SA | J125: 1 | K125: $ | L125: 647618.38 | N125: 0 | O125: 0 | P125: 135999.86 | Q125: 832189.64 | R125: =VLOOKUP(E125,'IVA COMPRAS'!K:P,6,FALSE) -> 832189.64
A126: 04/06/2024 | B126: 1 - Factura A | C126: 3 | D126: 5280 | E126: =CONCATENATE(H126,C126,D126) -> 3371419199935280 | F126: 74239346093816 | G126: CUIT | H126: 33714191999 | I126: FAINAX S.A. | J126: 1 | K126: $ | L126: 535880 | M126: 0 | N126: 0 | O126: 0 | P126: 112534.8 | Q126: 648414.8 | R126: =VLOOKUP(E126,'IVA COMPRAS'!K:P,6,FALSE) -> 648414.8
A127: 25/06/2024 | B127: 1 - Factura A | C127: 3 | D127: 5311 | E127: =CONCATENATE(H127,C127,D127) -> 3371419199935311 | F127: 74269603052968 | G127: CUIT | H127: 33714191999 | I127: FAINAX S.A. | J127: 1 | K127: $ | L127: 669850 | M127: 0 | N127: 0 | O127: 0 | P127: 140668.5 | Q127: 810518.5 | R127: =VLOOKUP(E127,'IVA COMPRAS'!K:P,6,FALSE) -> 810518.5
A128: 05/06/2024 | B128: 3 - Nota de Crédito A | C128: 5 | D128: 254 | E128: =CONCATENATE(H128,C128,D128) -> 307095717175254 | F128: 74237482820553 | G128: CUIT | H128: 30709571717 | I128: FINCA DE SANTIAGO SA | J128: 1 | K128: $ | L128: 99605.34 | M128: 0 | N128: 0 | O128: 0 | P128: 20917.12 | Q128: 120522.46 | R128: =VLOOKUP(E128,'IVA COMPRAS'!K:P,6,FALSE) -> -120522.46
A129: 13/06/2024 | B129: 3 - Nota de Crédito A | C129: 5 | D129: 262 | E129: =CONCATENATE(H129,C129,D129) -> 307095717175262 | F129: 74247445640797 | G129: CUIT | H129: 30709571717 | I129: FINCA DE SANTIAGO SA | J129: 1 | K129: $ | L129: 108234.67 | M129: 0 | N129: 0 | O129: 0 | P129: 22729.28 | Q129: 130963.95 | R129: =VLOOKUP(E129,'IVA COMPRAS'!K:P,6,FALSE) -> -130963.95
A130: 19/06/2024 | B130: 1 - Factura A | C130: 3 | D130: 105651 | E130: =CONCATENATE(H130,C130,D130) -> 307102144723105651 | F130: 74252090923522 | G130: CUIT | H130: 30710214472 | I130: FIRST STEP SA | J130: 1 | K130: $ | L130: 6066 | M130: 0 | N130: 0 | O130: 0 | P130: 1273.86 | Q130: 7461.18 | R130: =VLOOKUP(E130,'IVA COMPRAS'!K:P,6,FALSE) -> 7461.18
A131: 11/06/2024 | B131: 1 - Factura A | C131: 20 | D131: 2523 | E131: =CONCATENATE(H131,C131,D131) -> 30709348767202523 | F131: 74247187311706 | G131: CUIT | H131: 30709348767 | I131: FIS EMPRESA SOCIAL SA | J131: 1 | K131: $ | L131: 1166.24 | M131: 0 | N131: 0 | O131: 0 | P131: 244.91 | Q131: 1411.13 | R131: =VLOOKUP(E131,'IVA COMPRAS'!K:P,6,FALSE) -> #N/A
A132: 10/06/2024 | B132: 1 - Factura A | C132: 14 | D132: 66484 | E132: =CONCATENATE(H132,C132,D132) -> 306026087901466484 | F132: 74240034976758 | G132: CUIT | H132: 30602608790 | I132: FRADEALCO S A | J132: 1 | K132: $ | L132: 971173.29 | M132: 0 | N132: 0 | O132: 0 | P132: 203946.39 | Q132: 1223678.4 | R132: =VLOOKUP(E132,'IVA COMPRAS'!K:P,6,FALSE) -> 1223678.4
A133: 05/06/2024 | B133: 1 - Factura A | C133: 161 | D133: 199335 | E133: =CONCATENATE(H133,C133,D133) -> 30566108352161199335 | F133: 34222777769860 | G133: CUIT | H133: 30566108352 | I133: GARCIA HERMANOS AGROINDUSTRIAL SRL | J133: 1 | K133: $ | L133: 2735910.2 | M133: 0 | N133: 0 | O133: 0 | P133: 574541.15 | Q133: 3433567.4 | R133: =VLOOKUP(E133,'IVA COMPRAS'!K:P,6,FALSE) -> 3433567.4
A134: 08/06/2024 | B134: 1 - Factura A | C134: 161 | D134: 199622 | E134: =CONCATENATE(H134,C134,D134) -> 30566108352161199622 | F134: 34222777769860 | G134: CUIT | H134: 30566108352 | I134: GARCIA HERMANOS AGROINDUSTRIAL SRL | J134: 1 | K134: $ | L134: 4451736.7 | M134: 0 | N134: 0 | O134: 0 | P134: 934864.71 | Q134: 5586929.6 | R134: =VLOOKUP(E134,'IVA COMPRAS'!K:P,6,FALSE) -> 5586929.6
A135: 13/06/2024 | B135: 1 - Factura A | C135: 161 | D135: 199929 | E135: =CONCATENATE(H135,C135,D135) -> 30566108352161199929 | F135: 34222777769860 | G135: CUIT | H135: 30566108352 | I135: GARCIA HERMANOS AGROINDUSTRIAL SRL | J135: 1 | K135: $ | L135: 3179812.3 | M135: 0 | N135: 0 | O135: 0 | P135: 667760.59 | Q135: 3990664.5 | R135: =VLOOKUP(E135,'IVA COMPRAS'!K:P,6,FALSE) -> 3990664.5
A136: 18/06/2024 | B136: 3 - Nota de Crédito A | C136: 161 | D136: 51397 | E136: =CONCATENATE(H136,C136,D136) -> 3056610835216151397 | F136: 34242677134418 | G136: CUIT | H136: 30566108352 | I136: GARCIA HERMANOS AGROINDUSTRIAL SRL | J136: 1 | K136: $ | L136: 9758.1 | M136: 0 | N136: 0 | O136: 0 | P136: 2049.2 | Q136: 11807.28 | R136: =VLOOKUP(E136,'IVA COMPRAS'!K:P,6,FALSE) -> -11807.28
A137: 19/06/2024 | B137: 1 - Factura A | C137: 161 | D137: 200438 | E137: =CONCATENATE(H137,C137,D137) -> 30566108352161200438 | F137: 34242677134418 | G137: CUIT | H137: 30566108352 | I137: GARCIA HERMANOS AGROINDUSTRIAL SRL | J137: 1 | K137: $ | L137: 7631549.4 | M137: 0 | N137: 0 | O137: 0 | P137: 1602625.4 | Q137: 9577594.5 | R137: =VLOOKUP(E137,'IVA COMPRAS'!K:P,6,FALSE) -> 9577594.5
... A160: 08/06/2024 | B160: 1 - Factura A | C160: 15895 | D160: 814 | E160: =CONCATENATE(H160,C160,D160) -> 3068731043415895814 | F160: 74234865194711 | G160: CUIT | H160: 30687310434 | I160: INC SOCIEDAD ANONIMA | J160: 1 | K160: $ | L160: 166326.74 | M160: 365.47 | N160: 0 | O160: 0 | P160: 33692.09 | Q160: 212698.61 | R160: =VLOOKUP(E160,'IVA COMPRAS'!K:P,6,FALSE) -> 212698.61
A161: 16/06/2024 | B161: 1 - Factura A | C161: 15885 | D161: 1431 | E161: =CONCATENATE(H161,C161,D161) -> 30687310434158851431 | F161: 74244743899479 | G161: CUIT | H161: 30687310434 | I161: INC SOCIEDAD ANONIMA | J161: 1 | K161: $ | L161: 24654.3 | M161: 0 | N161: 0 | O161: 0 | P161: 5177.4 | Q161: 31680.78 | R161: PEDIR A GERENCIA
A162: 06/06/2024 | B162: 1 - Factura A | C162: 12 | D162: 80291 | E162: =CONCATENATE(H162,C162,D162) -> 306976466271280291 | F162: 74237587171664 | G162: CUIT | H162: 30697646627 | I162: INTERNACIONAL DE PRODUCTOS S A | J162: 1 | K162: $ | L162: 2226301.4 | N162: 0 | O162: 0 | P162: 467523.3 | Q162: 2760613.8 | R162: =VLOOKUP(E162,'IVA COMPRAS'!K:P,6,FALSE) -> 2760613.8
A163: 11/06/2024 | B163: 3 - Nota de Crédito A | C163: 12 | D163: 13512 | E163: =CONCATENATE(H163,C163,D163) -> 306976466271213512 | F163: 74247186506065 | G163: CUIT | H163: 30697646627 | I163: INTERNACIONAL DE PRODUCTOS S A | J163: 1 | K163: $ | L163: 496273.9 | N163: 0 | O163: 0 | P163: 104217.52 | Q163: 615379.66 | R163: =VLOOKUP(E163,'IVA COMPRAS'!K:P,6,FALSE) -> -615379.66
A164: 24/06/2024 | B164: 1 - Factura A | C164: 12 | D164: 80432 | E164: =CONCATENATE(H164,C164,D164) -> 306976466271280432 | F164: 74267464722169 | G164: CUIT | H164: 30697646627 | I164: INTERNACIONAL DE PRODUCTOS S A | J164: 1 | K164: $ | L164: 1498296.7 | N164: 0 | O164: 0 | P164: 314642.31 | Q164: 1857887.9 | R164: =VLOOKUP(E164,'IVA COMPRAS'!K:P,6,FALSE) -> 1857887.9
A165: 12/06/2024 | B165: 1 - Factura A | C165: 3 | D165: 3359 | E165: =CONCATENATE(H165,C165,D165) -> 3371226387933359 | F165: 74249321235210 | G165: CUIT | H165: 33712263879 | I165: JOSE MATILDO CASTRO Y ROBERTO HORACIO BAMBA | J165: 1 | K165: $ | L165: 49136.2 | M165: 0 | N165: 0 | O165: 0 | P165: 10318.6 | Q165: 59454.8 | R165: =VLOOKUP(E165,'IVA COMPRAS'!K:P,6,FALSE) -> #N/A
A166: 18/06/2024 | B166: 1 - Factura A | C166: 60 | D166: 312278 | E166: =CONCATENATE(H166,C166,D166) -> 3370725983960312278 | F166: 34249058322059 | G166: CUIT | H166: 33707259839 | I166: LA DOLCE SRL | J166: 1 | K166: $ | L166: 463625.62 | M166: 0 | N166: 0 | O166: 9272.51 | P166: 97361.38 | Q166: 584168.28 | R166: =VLOOKUP(E166,'IVA COMPRAS'!K:P,6,FALSE) -> 584168.28
A167: 05/06/2024 | B167: 1 - Factura A | C167: 63 | D167: 66147 | E167: =CONCATENATE(H167,C167,D167) -> 305038616386366147 | F167: 34228408922524 | G167: CUIT | H167: 30503861638 | I167: LA PIAMONTESA S.A. | J167: 1 | K167: $ | L167: 419685.48 | O167: 0 | P167: 88133.95 | Q167: 528803.68 | R167: =VLOOKUP(E167,'IVA COMPRAS'!K:P,6,FALSE) -> 528803.68
A168: 07/06/2024 | B168: 3 - Nota de Crédito A | C168: 63 | D168: 22060 | E168: =CONCATENATE(H168,C168,D168) -> 305038616386322060 | F168: 34228408922524 | G168: CUIT | H168: 30503861638 | I168: LA PIAMONTESA S.A. | J168: 1 | K168: $ | L168: 29840.57 | O168: 0 | P168: 6266.52 | Q168: 37599.09 | R168: =VLOOKUP(E168,'IVA COMPRAS'!K:P,6,FALSE) -> -37599.1
A169: 25/06/2024 | B169: 1 - Factura A | C169: 63 | D169: 66353 | E169: =CONCATENATE(H169,C169,D169) -> 305038616386366353 | F169: 34248888877317 | G169: CUIT | H169: 30503861638 | I169: LA PIAMONTESA S.A. | J169: 1 | K169: $ | L169: 394154.76 | O169: 0 | P169: 82772.5 | Q169: 496635.01 | R169: =VLOOKUP(E169,'IVA COMPRAS'!K:P,6,FALSE) -> 496635.02
A170: 05/06/2024 | B170: 3 - Nota de Crédito A | C170: 1 | D170: 388 | E170: =CONCATENATE(H170,C170,D170) -> 307164230301388 | F170: 74230489538753 | G170: CUIT | H170: 30716423030 | I170: LABORATORIO MAYANA | J170: 1 | K170: $ | L170: 162994 | M170: 0 | N170: 0 | O170: 0 | P170: 34228.74 | Q170: 197222.74 | R170: =VLOOKUP(E170,'IVA COMPRAS'!K:P,6,FALSE) -> -197222.74
A171: 28/06/2024 | B171: 3 - Nota de Crédito A | C171: 1 | D171: 399 | E171: =CONCATENATE(H171,C171,D171) -> 307164230301399 | F171: 74260006289813 | G171: CUIT | H171: 30716423030 | I171: LABORATORIO MAYANA | J171: 1 | K171: $ | L171: 20374 | M171: 0 | N171: 0 | O171: 0 | P171: 4278.54 | Q171: 24652.54 | R171: =VLOOKUP(E171,'IVA COMPRAS'!K:P,6,FALSE) -> -24652.54
A172: 06/06/2024 | B172: 1 - Factura A | C172: 2 | D172: 21532 | E172: =CONCATENATE(H172,C172,D172) -> 30714786667221532 | F172: 74237367027152 | G172: CUIT | H172: 30714786667 | I172: LACTEOS YATASTO SA | J172: 1 | K172: $ | L172: 2883150 | M172: 0 | N172: 0 | O172: 0 | P172: 605461.5 | Q172: 3546274.5 | R172: =VLOOKUP(E172,'IVA COMPRAS'!K:P,6,FALSE) -> 3546274.5
A173: 07/06/2024 | B173: 1 - Factura A | C173: 2 | D173: 21598 | E173: =CONCATENATE(H173,C173,D173) -> 30714786667221598 | F173: 74237613356913 | G173: CUIT | H173: 30714786667 | I173: LACTEOS YATASTO SA | J173: 1 | K173: $ | L173: 3581622 | M173: 0 | N173: 0 | O173: 0 | P173: 752140.62 | Q173: 4405395.1 | R173: =VLOOKUP(E173,'IVA COMPRAS'!K:P,6,FALSE) -> 4405395.1
A174: 12/06/2024 | B174: 1 - Factura A | C174: 2 | D174: 21775 | E174: =CONCATENATE(H174,C174,D174) -> 30714786667221775 | F174: 74247194339498 | G174: CUIT | H174: 30714786667 | I174: LACTEOS YATASTO SA | J174: 1 | K174: $ | L174: 8649450 | M174: 0 | N174: 0 | O174: 0 | P174: 1816384.5 | Q174: 10638824 | R174: =VLOOKUP(E174,'IVA COMPRAS'!K:P,6,FALSE) -> 10638824
A175: 21/06/2024 | B175: 1 - Factura A | C175: 219 | D175: 1501 | E175: =CONCATENATE(H175,C175,D175) -> 306868972452191501 | F175: 74255275333465 | G175: CUIT | H175: 30686897245 | I175: LEURU SA | J175: 1 | K175: $ | L175: 214049.62 | M175: 0 | N175: 0 | O175: 0 | P175: 44950.42 | Q175: 259000.01 | R175: =VLOOKUP(E175,'IVA COMPRAS'!K:P,6,FALSE) -> #N/A
...

Sheet Hoja3
